Field1,Monitoring,AverageSam,SampleCoun
0,21NYDECA_WQX-01010001,0.17294444444,36
1,21NYDECA_WQX-01021067,1.16320000000,10
2,21NYDECA_WQX-01021103,0.76360000000,10
3,21NYDECA_WQX-01031002,0.37441250000,40
4,21NYDECA_WQX-01033101,0.88370000000,10
5,21NYDECA_WQX-01033200,0.60460000000,10
6,21NYDECA_WQX-01041208,0.48366666667,9
7,21NYDECA_WQX-01041302B,0.64100000000,10
8,21NYDECA_WQX-01041501,0.28670000000,10
9,21NYDECA_WQX-01042503,1.40650000000,10
10,21NYDECA_WQX-01042600,0.29760000000,10
11,21NYDECA_WQX-01051301,0.81140000000,10
12,21NYDECA_WQX-01052108,0.19740000000,10
13,21NYDECA_WQX-02010023,0.23912500000,40
14,21NYDECA_WQX-02012400,0.19140000000,10
15,21NYDECA_WQX-02012501,0.17411111111,9
16,21NYDECA_WQX-02012603,0.42580000000,10
17,21NYDECA_WQX-02021020,0.47400000000,10
18,21NYDECA_WQX-02022307,0.69050000000,10
19,21NYDECA_WQX-02022406,0.47210000000,10
20,21NYDECA_WQX-02023102,0.27410000000,10
21,21NYDECA_WQX-02025100,0.12470000000,10
22,21NYDECA_WQX-03011309,1.09410000000,10
23,21NYDECA_WQX-03011424,1.00866666667,9
24,21NYDECA_WQX-03011601,0.73880000000,10
25,21NYDECA_WQX-03021200,0.18810000000,10
26,21NYDECA_WQX-03031302,0.57260000000,18
27,21NYDECA_WQX-03031507,0.37087500000,8
28,21NYDECA_WQX-03031602,0.06835000000,10
29,21NYDECA_WQX-03032100,0.44750000000,8
30,21NYDECA_WQX-04010003,0.71183333333,36
31,21NYDECA_WQX-04021133,0.92420000000,1
32,21NYDECA_WQX-04021134,1.37480000000,1
33,21NYDECA_WQX-04021136,1.51000000000,1
34,21NYDECA_WQX-04021137,1.60200000000,1
35,21NYDECA_WQX-04022100,0.59000000000,1
36,21NYDECA_WQX-04022200,0.20620000000,1
37,21NYDECA_WQX-04022204,0.10420000000,1
38,21NYDECA_WQX-04022300,0.73900000000,1
39,21NYDECA_WQX-04031103,2.88000000000,1
40,21NYDECA_WQX-04031401,0.23070000000,10
41,21NYDECA_WQX-04031502,0.09111111111,9
42,21NYDECA_WQX-04031701,0.18960000000,10
43,21NYDECA_WQX-04031800,0.04830000000,10
44,21NYDECA_WQX-04031900,0.14200000000,8
45,21NYDECA_WQX-04031A01,0.72110000000,10
46,21NYDECA_WQX-04031E08,0.05514285714,7
47,21NYDECA_WQX-05010005,0.46692307692,39
48,21NYDECA_WQX-05011201,0.60220000000,10
49,21NYDECA_WQX-05011302,0.23287500000,8
50,21NYDECA_WQX-05012100,0.04762500000,8
51,21NYDECA_WQX-05013100,0.37037500000,8
52,21NYDECA_WQX-05014108,0.32125000000,8
53,21NYDECA_WQX-05021006,0.44060000000,10
54,21NYDECA_WQX-05021038,1.71825000000,8
55,21NYDECA_WQX-05032110,0.22995333333,15
56,21NYDECA_WQX-05032134,1.37330000000,10
57,21NYDECA_WQX-05032201,0.22663000000,10
58,21NYDECA_WQX-05033101,0.12700000000,8
59,21NYDECA_WQX-05033302,0.20950000000,10
60,21NYDECA_WQX-05033401,0.71940000000,5
61,21NYDECA_WQX-05034100,0.13154000000,5
62,21NYDECA_WQX-06010154,0.40043750000,16
63,21NYDECA_WQX-06011105,0.58816666667,6
64,21NYDECA_WQX-06011157,0.90960000000,10
65,21NYDECA_WQX-06011202,0.30790000000,10
66,21NYDECA_WQX-06011302,0.40950000000,16
67,21NYDECA_WQX-06011509,0.14580000000,10
68,21NYDECA_WQX-06011601,0.10670000000,10
69,21NYDECA_WQX-06014100,0.05811111111,9
70,21NYDECA_WQX-06021001,0.47915000000,40
71,21NYDECA_WQX-06021053,0.70383333333,6
72,21NYDECA_WQX-06021088,1.45490000000,10
73,21NYDECA_WQX-06022131,1.04190000000,10
74,21NYDECA_WQX-06022301,0.23950000000,6
75,21NYDECA_WQX-06022401,0.06755555556,9
76,21NYDECA_WQX-06022503,0.48530000000,10
77,21NYDECA_WQX-06023201,0.06446666667,15
78,21NYDECA_WQX-06030006,0.39015000000,40
79,21NYDECA_WQX-06031201,0.65820000000,10
80,21NYDECA_WQX-06031301,0.26450000000,6
81,21NYDECA_WQX-06031600,0.07762500000,8
82,21NYDECA_WQX-06031715,0.23420000000,10
83,21NYDECA_WQX-06031802,0.26566666667,6
84,21NYDECA_WQX-06031900,0.34900000000,6
85,21NYDECA_WQX-06032102,0.64200000000,6
86,21NYDECA_WQX-07010005,0.54091250000,40
87,21NYDECA_WQX-07011023,0.41244871795,39
88,21NYDECA_WQX-07024201,0.67410000000,10
89,21NYDECA_WQX-07034301,0.91440000000,10
90,21NYDECA_WQX-07034701,1.34400000000,10
91,21NYDECA_WQX-07044100,4.48030000000,10
92,21NYDECA_WQX-07047100,0.31480000000,5
93,21NYDECA_WQX-07053301,0.33400000000,10
94,21NYDECA_WQX-07053603,0.50260000000,10
95,21NYDECA_WQX-07053702,8.19780000000,10
96,21NYDECA_WQX-07054100,0.14010000000,10
97,21NYDECA_WQX-07065100,0.61440000000,10
98,21NYDECA_WQX-08010001,0.28897500000,40
99,21NYDECA_WQX-08010090,0.11606666667,9
100,21NYDECA_WQX-08010107,0.14050000000,8
101,21NYDECA_WQX-08011201,0.16038888889,9
102,21NYDECA_WQX-08011305,0.08520000000,6
103,21NYDECA_WQX-08011702,0.11462222222,9
104,21NYDECA_WQX-08011802,0.35911111111,9
105,21NYDECA_WQX-08011901,0.10200000000,8
106,21NYDECA_WQX-08011A00,0.58650000000,8
107,21NYDECA_WQX-08011E02,0.82681250000,8
108,21NYDECA_WQX-08012116,0.14232222222,9
109,21NYDECA_WQX-08012201,1.36862500000,8
110,21NYDECA_WQX-08013100,0.07702500000,4
111,21NYDECA_WQX-09010008,0.26520312500,32
112,21NYDECA_WQX-09021003,0.08260000000,10
113,21NYDECA_WQX-09021009,0.09900000000,10
114,21NYDECA_WQX-09021102,0.30744444444,9
115,21NYDECA_WQX-09021502,0.05016666667,6
116,21NYDECA_WQX-09022203,0.13370000000,10
117,21NYDECA_WQX-09022303,0.19240000000,10
118,21NYDECA_WQX-09022406,0.20660000000,10
119,21NYDECA_WQX-09031003,0.16490000000,10
120,21NYDECA_WQX-09031081,0.34240000000,10
121,21NYDECA_WQX-09032200,0.27170000000,10
122,21NYDECA_WQX-09043105,0.15888888889,9
123,21NYDECA_WQX-09051001,0.19920000000,10
124,21NYDECA_WQX-09054107,0.05287500000,8
125,21NYDECA_WQX-09065102,1.44510000000,10
126,21NYDECA_WQX-10010001,0.12925000000,4
127,21NYDECA_WQX-10010001E,0.13512941177,34
128,21NYDECA_WQX-10021028,0.11766666667,6
129,21NYDECA_WQX-10021030,0.05666666667,9
130,21NYDECA_WQX-10022300,0.08688888889,9
131,21NYDECA_WQX-10031001,0.10012500000,8
132,21NYDECA_WQX-10032101,0.10255555556,9
133,21NYDECA_WQX-10032A01,0.10600000000,6
134,21NYDECA_WQX-10041102,0.10600000000,10
135,21NYDECA_WQX-10041230,0.10433333333,6
136,21NYDECA_WQX-10042401,0.03560000000,10
137,21NYDECA_WQX-10042516,0.13456250000,16
138,21NYDECA_WQX-10051113,0.02425000000,8
139,21NYDECA_WQX-10051600,0.32190000000,10
140,21NYDECA_WQX-10051702,0.01283333333,6
141,21NYDECA_WQX-10051802,0.14416666667,6
142,21NYDECA_WQX-10052104,0.01066666667,3
143,21NYDECA_WQX-10052105,0.10133333333,6
144,21NYDECA_WQX-10052204,0.35520000000,10
145,21NYDECA_WQX-10053201,0.16320000000,10
146,21NYDECA_WQX-10053205,0.24283333333,6
147,21NYDECA_WQX-10054100,0.07700000000,10
148,21NYDECA_WQX-11010157,0.28810000000,40
149,21NYDECA_WQX-11010215,0.16932307692,39
150,21NYDECA_WQX-11011101,0.25120000000,10
151,21NYDECA_WQX-11011204,0.15770000000,10
152,21NYDECA_WQX-11022301,0.35230000000,10
153,21NYDECA_WQX-11031011,0.44260000000,10
154,21NYDECA_WQX-11040247,0.14275000000,10
155,21NYDECA_WQX-11041203B,0.09160000000,10
156,21NYDECA_WQX-11042302,0.10590000000,10
157,21NYDECA_WQX-11042402,0.12040000000,10
158,21NYDECA_WQX-12010001,0.52920000000,40
159,21NYDECA_WQX-12010101,0.97601282051,39
160,21NYDECA_WQX-12010142,0.21066666667,9
161,21NYDECA_WQX-12011105,3.47910000000,10
162,21NYDECA_WQX-12011401,0.49422222222,9
163,21NYDECA_WQX-12011A00,0.16311111111,9
164,21NYDECA_WQX-12011B14,0.19720000000,10
165,21NYDECA_WQX-12011C03,0.12720000000,10
166,21NYDECA_WQX-12011D02,0.16280000000,10
167,21NYDECA_WQX-12012002,1.52400000000,10
168,21NYDECA_WQX-12012400,1.41460000000,10
169,21NYDECA_WQX-12013101,1.36120000000,10
170,21NYDECA_WQX-12021081,0.16280000000,10
171,21NYDECA_WQX-12022101,0.24400000000,10
172,21NYDECA_WQX-12022301,0.13788888889,9
173,21NYDECA_WQX-12023100,0.06000000000,9
174,21NYDECA_WQX-12041001,1.49500000000,10
175,21NYDECA_WQX-13010077,0.37186486487,37
176,21NYDECA_WQX-13010139,0.38940000000,40
177,21NYDECA_WQX-13011003,0.51228571429,7
178,21NYDECA_WQX-13011401,0.63962500000,8
179,21NYDECA_WQX-13011519,0.08537500000,8
180,21NYDECA_WQX-13011700,0.29870000000,10
181,21NYDECA_WQX-13011803,0.28800000000,10
182,21NYDECA_WQX-13011904,0.36060000000,10
183,21NYDECA_WQX-13011C01,0.21718750000,8
184,21NYDECA_WQX-13011E00,0.62037500000,8
185,21NYDECA_WQX-13012501,1.11888888889,9
186,21NYDECA_WQX-13012604,0.24912500000,8
187,21NYDECA_WQX-13012701,0.33753333333,9
188,21NYDECA_WQX-13013110,0.12975000000,8
189,21NYDECA_WQX-13013203,0.09625000000,8
190,21NYDECA_WQX-13013310,0.24625000000,8
191,21NYDECA_WQX-13051002,0.31900000000,8
192,21NYDECA_WQX-13062203,0.14125000000,8
193,21NYDECA_WQX-13063302,0.28775000000,8
194,21NYDECA_WQX-13064101,1.62400000000,10
195,21NYDECA_WQX-13064205,0.55475000000,8
196,21NYDECA_WQX-13081002,0.45000000000,10
197,21NYDECA_WQX-13092100,0.10540000000,6
198,21NYDECA_WQX-13103116,0.08430000000,6
199,21NYDECA_WQX-13103202,0.22600000000,10
200,21NYDECA_WQX-13111011,0.56130000000,10
201,21NYDECA_WQX-14010001,0.15680769231,39
202,21NYDECA_WQX-14011301,0.40050000000,10
203,21NYDECA_WQX-14011400,0.13370000000,10
204,21NYDECA_WQX-14012200,1.09420000000,10
205,21NYDECA_WQX-14012300,0.36700000000,10
206,21NYDECA_WQX-14012400,0.10244444444,9
207,21NYDECA_WQX-14022104,0.12988888889,9
208,21NYDECA_WQX-14022200,0.15590000000,10
209,21NYDECA_WQX-14022300,0.11570000000,10
210,21NYDECA_WQX-14023104,0.17375000000,8
211,21NYDECA_WQX-14041077,0.57430000000,10
212,21NYDECA_WQX-14042201,0.16650000000,10
213,21NYDECA_WQX-15011001,1.73977777778,9
214,21NYDECA_WQX-15012105,0.37880000000,10
215,21NYDECA_WQX-16011112,0.19711111111,18
216,21NYDECA_WQX-16012100,0.11228571429,7
217,21NYDECA_WQX-16012102,0.33260000000,10
218,21NYDECA_WQX-17025100,0.12220000000,5
219,21NYDECA_WQX-BUCKP_080153_?,0.00300000000,1
220,21NYDECA_WQX-CRANBERP_080155_TMDL,0.01650000000,2
221,21NYDECA_WQX-LHUNTING_090216_DH,0.00683333333,3
222,21NYDECA_WQX-LONGP_080154_TMDL,0.00300000000,1
223,21NYDECA_WQX-MOHICANL_090173_DH,0.00725000000,2
224,21NYDECA_WQX-MORNINGSDL_090050_DH,0.03225000000,4
225,21NYDECA_WQX-PERCHL_090358_DH,0.01733333333,3
226,21NYDECA_WQX-QA_QC,0.01722368421,19
227,21NYDECA_WQX-REICHARDSL_090382_DH,0.00550000000,1
228,21NYDECA_WQX-ROUNDP_080152_DH,0.13700000000,4
229,21NYDECA_WQX-ROUNDP_090065_DH,0.00600000000,3
230,21NYDECA_WQX-SWINGBRR_09_0108_DH,0.12025000000,4
231,21NYDECA_WQX-WHITEL_090117_DH,0.03700000000,4
232,21NYDECA_WQX-WHITNEYPTR_160035_DH,0.26483333333,6
233,Acoustic Doppler,0.27333333333,6
234,Banks Road,0.24158139535,43
235,Barrile Site,0.28814814815,54
236,Beaver Creek,0.12322222222,54
237,Big Creek @ California Rd,1.45000000000,1
238,Big Salmon Creek Above Fork - Rapid Response,2.63000000000,2
239,Big Stream @ Dundee-Glenora Rd,1.71913043478,23
240,Big Stream Mouth @ Glenora Point,1.12776923077,26
241,Blakeslee Hill,0.22375000000,40
242,Boardman Creek,1.03189285714,28
243,Boiceville,0.37028301887,53
244,Bolter Creek,0.74917241379,29
245,Bradley Creek Carrie Ann Dr,0.14285714286,7
246,Brandy Bay Mouth,0.22875000000,8
247,Bridge @ Blakley Rd.,4.04071428571,14
248,Bridge at Bellona,2.99454545455,11
249,Bridge at Route 14,2.57050000000,20
250,Bridge at Thistle Street,2.58454545455,11
251,Brooktondale,0.32668518519,54
252,Brooktondale GW,0.14800000000,2
253,Brown Road,0.21972500000,40
254,Bumps Creek @ School Parking Lot,0.15000000000,1
255,Burns Road,0.28200000000,5
256,Burroughs Creek,2.03000000000,8
257,Burroughs Creek - September,0.16000000000,1
258,Burroughs Creek @ Seybolt Road,1.63250000000,4
259,Buttermilk Creek @West Miller Road,0.34800000000,5
260,Buttermilk Creek Mouth,0.14707894737,38
261,Buttermilk Crk (upstream),0.19365789474,38
262,Buttermilk Crk - Jennings Pnd,0.01834210526,38
263,Camp Barton,2.56086111111,36
264,Candor Kelsey Rd,0.78766666667,3
265,Canoga Creek North Branch,0.17111111111,9
266,Canoga Creek South Branch,0.34075000000,8
267,Cascadilla Creek Headwaters,0.12300000000,10
268,Cascadilla Creek Mouth,0.22343589744,39
269,Cass Park,0.20928125000,32
270,Castle Creek Mouth,0.34800000000,5
271,Catharine Creek @ Genesee St.,0.17566666667,3
272,Catharine Creek @ Huck Finn Rd,0.07930000000,10
273,Catharine Creek @ Seneca Lake,0.33385185185,27
274,Catharine Creek in Millport,0.27379310345,29
275,Cayuga Heights Sewage Outfall,0.83757142857,35
276,Cayuga Lake Control,0.87666666667,3
277,Cayuga Lake North End,0.10000000000,2
278,Cayuga Lake North End- South of Railroad Bridge,0.00500000000,2
279,Cayuga Lake North of Myers Point (E),0.79527027027,37
280,Cayuga Lake North of Myers Point (H),1.08776315789,38
281,Cayuga Lake Shore,0.43526851852,54
282,Cayuga Lake near Bolton Point,0.85500000000,4
283,Cayuga Lake near Dean\s Creek Mouth,0.89333333333,3
284,Cayuga Lake near Ithaca Yacht Club,0.84250000000,4
285,Cayuga Lake near Mill Creek Mouth,0.88666666667,3
286,Cayuga Lake near Mouth of Salmon Creek,0.81505128205,39
287,Cayuga Lake near Myers Park,0.85500000000,4
288,Cayuga Lake near Paines Creek Mouth,0.91666666667,3
289,Cayuga Lake near Taughannock Park,0.82250000000,4
290,Cayuga Lake near Town Line Creek Mouth,0.87000000000,3
291,Cayuga Nature Center Creek at Center - Upstream,0.29033333333,3
292,Cayuga Nature Center Creek at Comstock,0.31933333333,3
293,Cayuga Street Bridge,0.73652542373,59
294,Cayuta Creek @ 224,0.07450000000,2
295,Cayuta Creek @ Barton Dam,0.04000000000,1
296,Cayuta Creek in Alpine,0.15250000000,8
297,Cayuta Public Pull Out on 224,0.62250000000,8
298,Center Road,3.53180952381,21
299,Central Deep,0.21525000000,32
300,Central Shallow,0.10296875000,32
301,Central thermocline depth,0.09873076923,26
302,Chaffee Creek @ Route 13,0.46733333333,15
303,Champlin Road Culvert,4.46639534884,43
304,Chapel Pond,1.41025000000,4
305,Charles St. Bridge,1.12220000000,25
306,Cherry and Taber St,0.20996875000,32
307,Chittenango @ DEC Parking Lot,0.29000000000,2
308,Chittenango @ Sewage Treatment Plant,0.13300000000,1
309,Chubb Creek @ 14A,0.84211764706,17
310,Cold Book Headwaters,1.97000000000,8
311,Cold Book Middle,1.41285714286,7
312,Cold Book Mouth,0.60787500000,8
313,Como Lake Outlet,0.76551515152,33
314,Cornell Creek @ Decker Rd,1.43000000000,1
315,Coy Glen near Mouth,0.68375000000,20
316,Crystal Springs @ Crystal Springs Road,0.19776470588,17
317,Culver Road,1.16212903226,31
318,Curry Road,1.70448275862,29
319,Danby Durfee Hill,0.12500000000,2
320,Danby Michigan Hollow,0.01000000000,1
321,Danby Steam Mill Rd,0.01000000000,2
322,Davis Road Bridge,1.17426923077,52
323,Day Road at Marlena Point,0.90000000000,7
324,Dean\s Creek Dublin Hill,6.03052631579,19
325,Dean\s Creek Mouth,5.78894736842,19
326,Dean\s Creek Sherwood,5.80250000000,20
327,Dean\s Creek at 34B,6.53555555556,18
328,Depot Road (Newfield),0.41707500000,40
329,Downstream of Cornell University Borehole Observatory (CUBO) Site,0.16500000000,9
330,Downstream of Montour Falls WWTP,0.38800000000,13
331,Dryden Lake Inlet,2.60334782609,23
332,Dryden Lake Outlet,0.41070000000,60
333,Dryden Lake Park,0.32587234043,47
334,Dryden and Freeville Sewage Treatment Plant Outfall,5.92264285714,14
335,Dundee WWTP Discharge,9.41222222222,9
336,Dundee WWTP Pond Outfall,4.24571428571,7
337,E. Owego Creek - Harford Mills @ Rt. 200,1.64000000000,2
338,E. Owego Headwaters,0.36000000000,2
339,East Branch Deep,0.22456250000,32
340,East Branch Owego Creek at Harford Firehall Bridge,2.90000000000,2
341,East Branch Shallow,0.09625000000,32
342,East Owego Creek - Dr Knapp,0.58750000000,4
343,East thermocline depth,0.08965384615,26
344,Eggleston Glen,0.72875000000,8
345,Eggleston Pt,0.09937500000,32
346,Elm Street,0.81200000000,11
347,Enfield Creek at Enfield Center,0.70515789474,38
348,Enfield Creek at Upper Treman,0.38632432432,37
349,Enfield Creek near Mouth,0.24857894737,38
350,FCC Tributary at Spencer Rd.,0.30025000000,8
351,Fall Creek Fire Department,1.36428571429,7
352,Fall Creek Forest Home,0.71813333333,15
353,Fall Creek Freeville,1.09356896552,58
354,Fall Creek Mouth,0.42648148148,54
355,Fall Creek Mouth from Stewart Park Bridge,0.04500000000,2
356,Farm Feeder,3.29000000000,1
357,Farmers\ Market,0.20075000000,32
358,Fishkill Creek @ Butternut Creek Rd.,0.25600000000,3
359,Fishkill Creek @ Fishkill Rd.,0.32333333333,3
360,Fishkill Tributary,0.12000000000,1
361,Flood Control Channel Esty St,0.16107894737,38
362,Flood Control Channel at Nate\s Floral Estates North,0.04000000000,1
363,Flood Control Channel at Nate\s Floral Estates South,0.10000000000,1
364,Flood Control Channel at Wegman\s,0.15917948718,39
365,Fly Meadow Creek @ Georgetown PullOver,0.11500000000,2
366,Fly Meadow Creek @ Kalicicki Road,0.06000000000,3
367,Fly Meadow Creek @ Ruth\s Bridge,0.11000000000,2
368,Fly Meadow Creek @ Tamarac Road Bridge,0.07500000000,2
369,Fly meadow Tributary @ Old Mill Dam,0.16000000000,2
370,Fox\s Mill Rd.,0.45509090909,22
371,Freese Road Bridge,0.81620338983,59
372,French Hill Road,2.88270000000,10
373,Gasline,0.21763265306,49
374,Genoa,3.64388461538,26
375,German Cross Road,0.23720370370,54
376,Glen Brook Mouth,0.10250000000,8
377,Glen Eldridge Creek Mouth,0.34961111111,18
378,Glen Mary Candor,0.66350000000,4
379,Golf Course,0.04000000000,1
380,H\port Beach,0.11140625000,32
381,Halseyville Road,0.87410344828,29
382,Havana Glen Mouth,1.07665517241,29
383,Hendy Creek @ Hendy Creek Rd,0.08000000000,1
384,Horse Farm,0.18538888889,54
385,Inlet Stream- Downstream,0.20000000000,1
386,Inlet Stream- Seep,0.01000000000,1
387,Inlet Stream- Upstream,0.21000000000,1
388,Irish Settlement Rd,0.14531481482,54
389,Ithaca Sewage Outfall,1.07000000000,35
390,Jackson Creek @ 224,0.09900000000,7
391,Johnsons Creek - Dump,2.74000000000,8
392,Johnsons Creek Gully,2.74500000000,8
393,Johnsons Creek Headwaters,3.52142857143,7
394,Johnsons Creek Mouth-Deans Cove,3.49625000000,8
395,Kelsey Brook @ Algerine St,0.08000000000,1
396,Keuka Lake Boat Launch,0.40325000000,12
397,Keuka Outlet - Downstream of Wastewater Plant,1.00833333333,6
398,Keuka Outlet @ Indian Pines Park,0.12291666667,12
399,Keuka Outlet @ Jacob Creek,3.10375000000,8
400,Keuka Outlet Birkett Mills,1.79075000000,20
401,Keuka Outlet Tributary @ Ridge Rd.,0.97793750000,16
402,Lafayette Road,0.97494230769,52
403,Lake Ridge Creek,7.58533333333,15
404,Lake Source Cooling Outfall,0.83083333333,36
405,Lake Street Bridge,1.14830555556,36
406,Little Salmon Creek Above Fork,4.22444444444,18
407,Locke Creek,2.76916666667,24
408,Lockerby Hill Road,3.42538461538,26
409,McDuffy Creek @ 224,0.19166666667,6
410,McLean Bridge,1.36440000000,45
411,McLean Rd.,1.43142500000,40
412,Mecklenburg,1.11700000000,32
413,Meeting House Road,1.43295454545,11
414,Middle Triad Trail,0.32750000000,8
415,Middle of Lake Opposite Mouth of Salmon Creek (E),0.79921951220,41
416,Middle of Lake Opposite Mouth of Salmon Creek (H),1.09184210526,38
417,Middle of Shallow Southern Shelf,0.81675000000,40
418,Midline Rd,0.27270370370,54
419,Mill Creek Atwater Rd,8.33428571429,21
420,Mill Creek Belltown Rd,9.03952380952,21
421,Mill Creek Mouth,7.54555555556,18
422,Mill Creek Tributary Lake Rd,9.00944444444,18
423,Milliken Creek #1,3.86375000000,12
424,Milliken Station #2,0.18000000000,1
425,Milliken Station #3,5.18666666667,15
426,Milliken Station #3.5,4.48666666667,15
427,Milliken Station #4,5.41916666667,12
428,Moyer Park Candor,0.67033333333,3
429,Mt. Washington Mouth,0.29666666667,6
430,Newtown Creek @ 223,0.01500000000,2
431,Newtown Creek @ Railroad Bridge,0.45500000000,2
432,North Ludlowville,3.15238461538,26
433,Oriskany Creek @ Lumbard Rd,1.61000000000,1
434,Oriskany Creek @ Valley Road,1.66000000000,1
435,Outfall of Sewage Plant,15.84087500000,32
436,Owego Creek - Flem Bridge,0.55750000000,4
437,Owego Hill Road,2.32172727273,11
438,Paines Creek Moonshine,3.84631578947,19
439,Paines Creek Mouth,3.12300000000,20
440,Paines Creek Rafferty Road,4.08200000000,20
441,Paines Creek Tributary,4.75095238095,21
442,Patterson Creek - Mouth,0.04000000000,1
443,Patterson Creek - Source,0.00500000000,1
444,Patterson Creek @ Dam,0.18300000000,7
445,Penn Yan Wastewater Treatment Plant,9.43500000000,10
446,Plain Street,0.18079245283,53
447,Pleasant Brook/Stewart,0.10333333333,3
448,Pleasant Grove Brook- East Shore Dr.,0.07000000000,2
449,Podunk Road,1.02437931034,29
450,Pony Hollow Creek,1.21625000000,8
451,Pony Hollow Creek @ 224,1.10333333333,3
452,Pony Hollow Creek @ Cayuta Rd.,0.96238095238,21
453,Pony Hollow Creek @ Connecticut Hill Rd.,0.28500000000,2
454,Pony Hollow Creek @ Driveway Crossing,0.55261538462,13
455,Pony Hollow Creek Wetland @ Mazourek,0.01500000000,2
456,Preston Public Spring,1.06000000000,1
457,Pulteney Mouth,2.15625000000,8
458,Reeder Creek @ Access Road,0.97761904762,21
459,Reeder Creek @ N. Patrol Rd,0.36442857143,21
460,Reeder Creek @ Rt. 96 A,1.38114285714,7
461,Reeder Creek Mouth,0.85409375000,32
462,Reservoir Hill and Glen Brook,0.14187500000,8
463,Route 89,0.19952631579,38
464,Salmon Creek Mouth,3.00562962963,27
465,Salo Drive,1.28222222222,27
466,Sanctuary Stream,0.23846296296,54
467,Sheldrake Creek Mouth,1.54222222222,9
468,Sheldrake Creek at 96a,0.61690000000,10
469,Sheldrake Creek at Hall Rd.,1.19000000000,10
470,Sheldrake Creek at Lodi Covert Townline Rd.,1.09800000000,10
471,Sherwood Road,3.24588000000,25
472,Six Hundred Rd,0.17105555556,54
473,South Deep,0.20593750000,32
474,South Shallow,0.11054838710,31
475,South of Devon,0.58000000000,2
476,South thermocline depth,0.11123076923,26
477,Spring Brook,0.72333333333,15
478,Spring House Bridge,0.72720000000,60
479,Spur Creek,0.08000000000,8
480,Station Road by Buttermilk Group,0.02755263158,38
481,Station Road by Newfield Group,0.02784210526,38
482,"Stone Pt, Pulteney",0.09828125000,32
483,Sugar Creek Headwaters,0.47787500000,8
484,Sugar Creek Middle,0.25387500000,8
485,Sugar Creek Mouth,0.29785714286,7
486,Taughannock Creek Depew Rd.,0.78500000000,6
487,Taughannock Creek Headwaters,0.50200000000,5
488,Taughannock Falls,0.88180645161,31
489,Tile Kiln Road,4.48930769231,26
490,Tillotson Road Culvert,4.78184848485,33
491,Town Line Creek Lake Rd,6.74222222222,18
492,Town Line Creek Mouth,5.79333333333,18
493,USGS-01304678,0.03666666667,3
494,USGS-01311830,0.10000000000,2
495,USGS-0131184703,0.15000000000,2
496,USGS-0131185005,0.10000000000,2
497,USGS-0131185008,0.10000000000,2
498,USGS-01311888,0.42397285068,221
499,USGS-01311893,0.34969079940,221
500,USGS-01311940,0.10000000000,2
501,USGS-01311951,0.10433333333,3
502,USGS-01311985,0.09800000000,2
503,USGS-01311989,0.10650000000,4
504,USGS-01311990,0.19683333333,6
505,USGS-0131199010,0.14428571429,7
506,USGS-0131199020,0.06200000000,4
507,USGS-0131199021,0.03500000000,2
508,USGS-0131199022,0.18275000000,4
509,USGS-0131199029,0.66933333333,3
510,USGS-0131199035,0.08060000000,5
511,USGS-0131199040,0.21250000000,6
512,USGS-0131199045,0.30466666667,6
513,USGS-0131199050,0.25357500000,20
514,USGS-01311992,0.08765511551,202
515,USGS-0131199710,0.10000000000,2
516,USGS-01311998,0.05000000000,2
517,USGS-01312000,0.20329411765,34
518,USGS-01312005,0.10000000000,2
519,USGS-01312568,0.04229976019,139
520,USGS-01313048,0.03114840183,146
521,USGS-0131443005,0.17800000000,1
522,USGS-01315088,0.11290952381,140
523,USGS-01315170,0.24627696078,340
524,USGS-01315226,0.24421576764,241
525,USGS-01315227,0.18892816092,290
526,USGS-01315500,0.08000000000,1
527,USGS-01316154,0.06758947368,190
528,USGS-01318800,0.12400000000,2
529,USGS-01318810,0.10100000000,2
530,USGS-01319817,0.20671271930,228
531,USGS-01321000,0.05600000000,1
532,USGS-01321005,0.02808101852,144
533,USGS-01335827,0.14700000000,6
534,USGS-01336000,0.13200000000,1
535,USGS-01336510,0.26183333333,6
536,USGS-01336523,0.29666666667,6
537,USGS-01337020,0.28700000000,6
538,USGS-01338505,1.30333333333,6
539,USGS-01339060,1.39333333333,6
540,USGS-01339480,0.71525000000,6
541,USGS-01341140,0.14666666667,6
542,USGS-01341610,1.81200000000,6
543,USGS-01342602,1.37666666667,6
544,USGS-01342702,1.04800000000,6
545,USGS-01342725,1.51020000000,5
546,USGS-01342730,1.33833333333,9
547,USGS-0134273105,1.09516666667,6
548,USGS-01342750,0.42925000000,4
549,USGS-0134277112,0.27228874735,157
550,USGS-0134277114,0.35762426036,169
551,USGS-0134277118,0.23206349206,21
552,USGS-013427711805,0.19225000000,28
553,USGS-013427711835,0.05540625000,8
554,USGS-0134277119,0.15096612466,123
555,USGS-0134277120,0.28619398907,61
556,USGS-0134277121,0.32252997602,139
557,USGS-0134277123,0.28395731707,82
558,USGS-01342781,0.20961738351,186
559,USGS-01342797,0.06300000000,1
560,USGS-01343002,0.12600000000,3
561,USGS-01343060,0.04900000000,1
562,USGS-01346000,0.13716666667,6
563,USGS-01347258,0.17996632997,198
564,USGS-01347260,0.17317840376,213
565,USGS-01348002,0.08850000000,6
566,USGS-01348065,0.49633333333,6
567,USGS-01348580,0.19000000000,2
568,USGS-01349150,0.64499692308,325
569,USGS-0134931005,0.58383333333,6
570,USGS-01349503,3.43500000000,6
571,USGS-01349810,0.03100000000,1
572,USGS-01349840,0.31122857143,387
573,USGS-01349950,0.22579426230,366
574,USGS-01350080,0.04000000000,1
575,USGS-01350101,0.35050000000,6
576,USGS-01350140,0.16900000000,1
577,USGS-01353995,0.21533333333,6
578,USGS-01354083,0.42183333333,6
579,USGS-01354470,2.21666666667,6
580,USGS-01354930,0.10183333333,6
581,USGS-01356190,0.42881818182,88
582,USGS-0135632105,0.41910000000,5
583,USGS-01356400,0.53200000000,6
584,USGS-0135749950,0.50016666667,6
585,USGS-01357500,0.60381875000,80
586,USGS-01359135,0.50211111111,9
587,USGS-0136219203,0.31631372549,34
588,USGS-013621955,0.23335238095,35
589,USGS-0136219565,0.14191666667,12
590,USGS-01362197,0.29053809524,35
591,USGS-0136219710,0.13654545455,11
592,USGS-01362199,0.20933333333,33
593,USGS-01362200,0.19768014706,68
594,USGS-01362215,0.18943243243,37
595,USGS-0136223005,0.22089047619,35
596,USGS-01362232,0.19300000000,35
597,USGS-01362250,0.11433333333,3
598,USGS-0136230002,0.18404901961,34
599,USGS-0136234191,0.15500000000,1
600,USGS-01362342,0.60568600973,411
601,USGS-01362357,0.07164583333,40
602,USGS-01362370,0.26945296167,123
603,USGS-01362380,0.39849583333,284
604,USGS-01362398,0.13300000000,2
605,USGS-01362405,0.15146153846,13
606,USGS-01362420,0.10133333333,3
607,USGS-01362430,0.09800000000,3
608,USGS-01362465,0.11073013699,146
609,USGS-01362487,0.12363095238,28
610,USGS-01362497,0.06231609195,29
611,USGS-01362500,0.16391428571,42
612,USGS-01363382,0.16266666667,1
613,USGS-01363400,0.14300000000,1
614,USGS-01364959,0.26075033091,590
615,USGS-01364962,0.15366666667,3
616,USGS-01364968,0.21066666667,3
617,USGS-01364975,0.17333333333,3
618,USGS-01365000,0.11000000000,3
619,USGS-01365005,0.10433333333,3
620,USGS-01366400,0.16750000000,4
621,USGS-01366807,0.02300000000,1
622,USGS-01372040,0.32275000000,4
623,USGS-01372043,0.48334324324,185
624,USGS-01372058,0.41218750000,16
625,USGS-01374559,0.09233333333,3
626,USGS-01374581,0.07000000000,1
627,USGS-01374890,0.17575000000,4
628,USGS-01374930,0.06300000000,6
629,USGS-01374960,0.39300000000,9
630,USGS-01413070,0.05550000000,2
631,USGS-01413073,0.20100000000,1
632,USGS-01413085,0.27300000000,4
633,USGS-01413088,0.35300304487,104
634,USGS-01413092,0.31400000000,2
635,USGS-0141309730,0.07000000000,3
636,USGS-0141309740,0.12566666667,6
637,USGS-0141309760,0.04600000000,1
638,USGS-01413098,0.09200000000,2
639,USGS-01413099,0.10450000000,2
640,USGS-01413274,0.27587500000,8
641,USGS-01413276,0.20020000000,5
642,USGS-01413303,0.25350000000,4
643,USGS-01413306,0.22266666667,3
644,USGS-01413343,0.09333333333,3
645,USGS-01413346,0.07900000000,3
646,USGS-01413398,0.33000000000,1
647,USGS-01413408,0.24300000000,1
648,USGS-01413920,0.23866666667,3
649,USGS-01413930,0.18025000000,8
650,USGS-01413936,0.14100000000,2
651,USGS-01413940,0.05900000000,1
652,USGS-01413945,0.18200000000,2
653,USGS-01413949,0.15700000000,1
654,USGS-01413950,0.19475000000,4
655,USGS-01413990,0.31700000000,3
656,USGS-01414000,0.17800000000,1
657,USGS-01414280,0.31475000000,4
658,USGS-01414290,0.26500000000,4
659,USGS-01414310,0.26600000000,2
660,USGS-01414321,0.12300000000,1
661,USGS-01414326,0.27600000000,1
662,USGS-01414331,0.05300000000,1
663,USGS-01414335,0.26100000000,1
664,USGS-01414340,0.20550000000,2
665,USGS-01414343,0.11100000000,1
666,USGS-01414349,0.18350000000,2
667,USGS-01414353,0.19100000000,1
668,USGS-01414500,0.11928571429,7
669,USGS-01414835,0.30977777778,9
670,USGS-01414840,0.38525000000,4
671,USGS-01414860,0.34900000000,4
672,USGS-01414865,0.20000000000,2
673,USGS-01414866,0.03800000000,1
674,USGS-01414868,0.09300000000,1
675,USGS-01414875,0.27300000000,1
676,USGS-01415000,0.15300000000,2
677,USGS-01415438,0.41150000000,2
678,USGS-01415460,0.36826285714,35
679,USGS-01415465,0.47650000000,2
680,USGS-01416870,0.25200000000,4
681,USGS-01416895,0.10250000000,4
682,USGS-01421000,0.29755000000,50
683,USGS-01421200,0.28750000000,2
684,USGS-01421614,0.57029158082,416
685,USGS-01421618,0.48576076746,403
686,USGS-01422738,0.21741442722,387
687,USGS-01422747,0.29960000000,394
688,USGS-01426000,0.25788461539,26
689,USGS-01426495,0.23900000000,2
690,USGS-01426500,0.47507547170,53
691,USGS-01426600,0.16300000000,2
692,USGS-01426997,0.18150000000,25
693,USGS-01427000,0.42000000000,1
694,USGS-0142720505,0.12000000000,3
695,USGS-01427230,0.33450000000,2
696,USGS-0142723005,0.27800000000,4
697,USGS-01427250,0.30633333333,6
698,USGS-01427260,0.44816666667,6
699,USGS-01427280,0.32874074074,27
700,USGS-0142728005,0.35225000000,4
701,USGS-01427350,0.24300000000,2
702,USGS-0142744205,0.34350000000,4
703,USGS-0142749205,0.52075000000,4
704,USGS-01427500,0.51756944444,36
705,USGS-01427750,0.32220000000,5
706,USGS-0142800003,0.11300000000,3
707,USGS-01428500,0.29493333333,50
708,USGS-01432180,0.09285714286,28
709,USGS-0143280005,0.09922222222,27
710,USGS-01433500,0.18281250000,16
711,USGS-01433510,0.25750000000,2
712,USGS-0143351103,0.13240000000,5
713,USGS-01433600,0.11775000000,4
714,USGS-0143400340,0.10900000000,3
715,USGS-0143400360,0.29016666667,6
716,USGS-0143400505,0.16638888889,6
717,USGS-0143400680,0.25062841570,688
718,USGS-0143400980,0.13255555556,3
719,USGS-01434010,0.05900000000,1
720,USGS-01434013,0.12361904762,7
721,USGS-01434015,0.05100000000,1
722,USGS-01434017,0.17912056738,47
723,USGS-0143401850,0.16350000000,2
724,USGS-01434019,0.13600000000,3
725,USGS-01434021,0.24747576614,649
726,USGS-0143402120,0.11850000000,6
727,USGS-0143402265,0.11425000000,4
728,USGS-01434025,0.26571567803,1274
729,USGS-01434070,0.22410000000,10
730,USGS-01434072,0.21911057692,104
731,USGS-0143407250,0.28200000000,70
732,USGS-01434073,0.23242857143,77
733,USGS-0143407345,0.40683333333,103
734,USGS-01434076,0.22003267974,102
735,USGS-01434079,0.10000000000,2
736,USGS-01434080,0.40105000000,100
737,USGS-01434084,0.39297023810,56
738,USGS-01434086,0.22234331450,354
739,USGS-01434087,0.49770000000,10
740,USGS-01434092,0.24328671617,202
741,USGS-01434097,0.18192592593,9
742,USGS-01434105,0.17200000000,1
743,USGS-01434110,0.08900000000,5
744,USGS-01434112,0.19395676430,239
745,USGS-01434176,0.11811111111,3
746,USGS-01434185,0.13566666667,3
747,USGS-01434498,0.21421276596,47
748,USGS-01435000,0.23587479592,630
749,USGS-01436000,0.26000000000,3
750,USGS-0143620102,0.12550000000,2
751,USGS-01436450,0.29300000000,2
752,USGS-01436500,0.32550000000,14
753,USGS-01436511,0.27050000000,2
754,USGS-01436531,0.29100000000,2
755,USGS-01436559,0.43600000000,2
756,USGS-0143658105,0.11350000000,2
757,USGS-0143660102,0.83300000000,2
758,USGS-01436655,0.73650000000,2
759,USGS-01436690,0.63933333333,15
760,USGS-01436749,0.49950000000,2
761,USGS-01436752,0.14600000000,2
762,USGS-01436766,0.39750000000,2
763,USGS-01436791,0.01750000000,2
764,USGS-0143680005,0.02000000000,1
765,USGS-01437000,0.40000000000,2
766,USGS-01437010,0.35300000000,2
767,USGS-01437016,0.31750000000,2
768,USGS-01437019,0.30300000000,2
769,USGS-01437025,0.40757142857,14
770,USGS-01437068,0.04400000000,2
771,USGS-01437080,0.14600000000,2
772,USGS-01437311,0.13750000000,2
773,USGS-01437316,0.30900000000,2
774,USGS-01437345,0.01200000000,1
775,USGS-0143734906,0.11950000000,2
776,USGS-01437351,0.07800000000,2
777,USGS-01437370,0.02200000000,2
778,USGS-01437400,0.11478571429,14
779,USGS-01437401,0.06500000000,1
780,USGS-0143740105,0.11950000000,2
781,USGS-01437500,0.36246153846,13
782,USGS-01437514,0.27700000000,2
783,USGS-01437564,0.29450000000,2
784,USGS-01437612,0.57300000000,2
785,USGS-01437638,0.50450000000,2
786,USGS-01437656,0.01450000000,2
787,USGS-01437672,0.08350000000,2
788,USGS-0143770004,0.25550000000,2
789,USGS-01437731,0.09150000000,2
790,USGS-01437744,0.36878571429,14
791,USGS-01437752,0.04100000000,1
792,USGS-01437783,0.21950000000,2
793,USGS-01437795,0.02550000000,2
794,USGS-01496330,2.04000000000,2
795,USGS-01496500,0.24075000000,2
796,USGS-01497309,0.18100000000,4
797,USGS-01497818,0.15450000000,2
798,USGS-01500000,0.72700000000,1
799,USGS-01500500,0.57166666667,3
800,USGS-0150050210,0.13800000000,2
801,USGS-01500628,0.45066666667,3
802,USGS-01500832,0.95400000000,2
803,USGS-01500850,1.09290000000,5
804,USGS-01500859,0.42775000000,4
805,USGS-01501092,0.83050000000,2
806,USGS-01502000,0.73100000000,2
807,USGS-01502500,0.51080000000,5
808,USGS-01502702,0.52480000000,5
809,USGS-01502703,0.74200000000,2
810,USGS-01502707,0.35600000000,2
811,USGS-0150273301,0.14500000000,2
812,USGS-01503000,0.41062500000,4
813,USGS-01513500,0.37100000000,1
814,USGS-01513725,0.12566666667,3
815,USGS-01513790,0.19000000000,1
816,USGS-01513792,0.07900000000,1
817,USGS-01513800,0.11500000000,1
818,USGS-01513820,0.13400000000,1
819,USGS-01514666,0.02300000000,1
820,USGS-01514672,0.05700000000,1
821,USGS-01515583,0.05800000000,1
822,USGS-01515592,0.38900000000,1
823,USGS-01515615,0.65500000000,1
824,USGS-04213319,0.54100000000,20
825,USGS-04213376,0.31105263158,19
826,USGS-0421338405,0.42318181818,22
827,USGS-04213394,0.31000000000,21
828,USGS-04213401,0.40400000000,20
829,USGS-0421340480,1.26500000000,4
830,USGS-04213409,1.30250000000,4
831,USGS-04213426,1.02000000000,4
832,USGS-04213453,0.90000000000,4
833,USGS-04213470,0.79250000000,4
834,USGS-04213500,0.71501382661,223
835,USGS-04214060,0.54058823529,17
836,USGS-0421422210,0.28588235294,17
837,USGS-04214231,0.61904761905,21
838,USGS-04214500,0.64105263158,19
839,USGS-04215000,0.66095238095,21
840,USGS-04215500,0.33142857143,21
841,USGS-04215800,0.45050000000,2
842,USGS-04218000,0.63371428571,21
843,USGS-04218518,0.36619047619,21
844,USGS-04219501,0.16738571429,70
845,USGS-04219702,0.19912500000,8
846,USGS-04219720,1.10261666667,30
847,USGS-04219768,1.68055882353,102
848,USGS-04219775,3.53007500000,40
849,USGS-04219915,1.35413333333,45
850,USGS-04219979,2.62000000000,1
851,USGS-04219997,3.20000000000,2
852,USGS-0421999720,0.40800000000,1
853,USGS-0421999750,1.93000000000,1
854,USGS-04219998,2.49000000000,2
855,USGS-04219999,0.38100000000,1
856,USGS-04220045,2.34798181818,55
857,USGS-0422016550,1.52178787879,66
858,USGS-04220223,1.08525833333,60
859,USGS-04220259,0.36450000000,2
860,USGS-0422026250,0.71002500000,60
861,USGS-04226000,0.74898484849,33
862,USGS-04229500,0.27535714286,28
863,USGS-04229700,0.26755555556,9
864,USGS-04230500,2.20000000000,21
865,USGS-04231000,1.50778947368,19
866,USGS-04231600,1.06517313916,206
867,USGS-04232050,0.84650000000,24
868,USGS-0423205010,0.82058039216,85
869,USGS-0423205040,0.22614285714,7
870,USGS-04232076,0.97779310345,29
871,USGS-0423207760,0.22450000000,10
872,USGS-04232100,0.36105172414,29
873,USGS-04232900,0.40000000000,1
874,USGS-04233051,1.96000000000,1
875,USGS-04233060,1.26000000000,1
876,USGS-04233080,0.38200000000,1
877,USGS-04233085,0.19300000000,1
878,USGS-04233097,0.10300000000,1
879,USGS-04233210,0.45200000000,1
880,USGS-04233212,0.03800000000,1
881,USGS-04233214,0.15100000000,1
882,USGS-04233216,0.16200000000,1
883,USGS-04233220,0.02200000000,1
884,USGS-04233286,0.46230000000,10
885,USGS-04233300,0.09200000000,2
886,USGS-04233669,1.76000000000,1
887,USGS-04233679,5.16000000000,1
888,USGS-04233680,2.17000000000,1
889,USGS-0423368010,0.11600000000,1
890,USGS-0423368020,0.22400000000,1
891,USGS-0423368490,1.16000000000,1
892,USGS-0423368620,0.95857142857,7
893,USGS-0423532505,1.01050000000,2
894,USGS-04237917,0.73761538462,39
895,USGS-04237936,0.41800000000,1
896,USGS-04237948,0.38500000000,1
897,USGS-04237950,0.82050000000,39
898,USGS-04237952,0.46750793651,42
899,USGS-04237953,1.82384722222,36
900,USGS-04237955,1.45769047619,42
901,USGS-04237956,0.91200000000,10
902,USGS-04237962,0.98657142857,7
903,USGS-04237995,1.51909677419,31
904,USGS-04238000,1.39966666667,24
905,USGS-04238550,1.03461363636,22
906,USGS-04239800,0.87046190476,35
907,USGS-04240105,1.19955555556,9
908,USGS-04240108,0.14140555556,30
909,USGS-0424011445,0.62093229167,32
910,USGS-04240145,0.84080000000,5
911,USGS-04240150,1.01749425287,29
912,USGS-04240152,3.30442857143,35
913,USGS-0424015305,2.62561538462,39
914,USGS-04240158,2.50425000000,44
915,USGS-04240170,0.34047058824,17
916,USGS-04240180,0.65062027027,37
917,USGS-04240182,1.81314705882,34
918,USGS-04240200,0.94366129032,31
919,USGS-04240253,1.10256444444,45
920,USGS-04245236,0.48053525641,26
921,USGS-04245840,0.09700000000,3
922,USGS-04249000,0.65245562130,169
923,USGS-04249910,0.05500000000,1
924,USGS-04249950,0.12300000000,1
925,USGS-04249970,0.08400000000,1
926,USGS-04250000,0.41500000000,1
927,USGS-04250200,0.15198214286,28
928,USGS-04250310,0.18200000000,1
929,USGS-04250380,0.24100000000,1
930,USGS-04250385,0.29500000000,1
931,USGS-0425040001,0.37100000000,1
932,USGS-04250502,1.11000000000,1
933,USGS-0425050505,0.15627777778,9
934,USGS-04250565,0.05500000000,1
935,USGS-04250575,0.20000000000,1
936,USGS-04250727,1.05000000000,1
937,USGS-04250730,0.28200000000,1
938,USGS-04250736,0.06200000000,1
939,USGS-04250738,0.01900000000,1
940,USGS-04250741,0.16700000000,1
941,USGS-0425074120,0.18000000000,1
942,USGS-0425074140,0.13100000000,1
943,USGS-04250742,0.11200000000,1
944,USGS-04250743,1.40000000000,1
945,USGS-04250744,0.42300000000,1
946,USGS-04250745,0.04300000000,1
947,USGS-04250747,0.21100000000,1
948,USGS-04250750,1.00281666667,30
949,USGS-0425076550,0.16331818182,11
950,USGS-04250773,0.24877777778,9
951,USGS-0425078820,0.24200000000,5
952,USGS-0425080000,0.24675641026,234
953,USGS-04250804,0.23680191257,244
954,USGS-04253012,0.03080869565,115
955,USGS-04253047,0.22479720280,143
956,USGS-04253073,0.10937480064,209
957,USGS-04253094,0.16739205527,193
958,USGS-04253097,0.10367372134,189
959,USGS-04253160,0.14499681021,209
960,USGS-04253291,0.23700000000,4
961,USGS-04253294,0.42505951634,811
962,USGS-04253295,0.17346586252,718
963,USGS-04253296,0.33537721189,1014
964,USGS-04253361,0.13766666667,3
965,USGS-04253626,0.20416190476,210
966,USGS-04253628,0.20500000000,1
967,USGS-04253630,0.18441201717,233
968,USGS-04253634,0.18309661836,207
969,USGS-04253635,0.23133407738,224
970,USGS-04253637,0.10825128205,195
971,USGS-04253639,0.09210518519,225
972,USGS-04253650,0.17441456583,238
973,USGS-04253657,0.37540000000,170
974,USGS-04253660,0.25083992467,177
975,USGS-04253679,0.17702130898,219
976,USGS-04253710,0.23208333333,196
977,USGS-04253712,0.22196711510,223
978,USGS-04253715,0.27592687075,98
979,USGS-04253720,0.19809563994,237
980,USGS-04253735,0.16294472362,199
981,USGS-04253740,0.16797564688,219
982,USGS-04253770,0.30916483517,91
983,USGS-04253775,0.28478911565,98
984,USGS-04253780,0.16612678063,234
985,USGS-04254600,0.07764242424,165
986,USGS-04254605,0.29743103448,232
987,USGS-04254610,0.07932612613,185
988,USGS-04256000,0.19944444444,9
989,USGS-04256485,0.24879166667,224
990,USGS-0425648905,0.10100000000,3
991,USGS-04260500,0.39260975610,41
992,USGS-04260900,0.20527884615,52
993,USGS-04262260,0.22271681416,226
994,USGS-04262296,0.16911052632,190
995,USGS-04264331,0.26826086957,161
996,USGS-04265432,0.27155555556,9
997,USGS-04265446,0.19238461539,13
998,USGS-0426545295,0.20466913580,243
999,USGS-0426545340,0.18691037736,212
1000,USGS-0426545570,0.17347460318,210
1001,USGS-04265605,0.26677212806,177
1002,USGS-04268000,0.14653846154,13
1003,USGS-04268320,0.14054545455,11
1004,USGS-04268384,0.09073628692,158
1005,USGS-04268387,0.09120701754,95
1006,USGS-04268697,0.03544938272,135
1007,USGS-04268698,0.02160683761,156
1008,USGS-04269000,0.13275446429,56
1009,USGS-04269505,0.13041666667,12
1010,USGS-04272100,0.06297635934,141
1011,USGS-04272118,0.03222008547,156
1012,USGS-04272132,0.01966457023,159
1013,USGS-04272232,0.03516550117,143
1014,USGS-04272255,0.01743846154,130
1015,USGS-04272643,0.04051587302,168
1016,USGS-04272644,0.04660238095,140
1017,USGS-04273808,0.27744639376,171
1018,USGS-04273819,0.08591089109,202
1019,USGS-04274040,0.36514689266,177
1020,USGS-411844074085601,6.54222222222,9
1021,USGS-411959073522901,0.31975000000,4
1022,USGS-412715074030101,0.05650000000,2
1023,USGS-413020074022001,0.53777777778,9
1024,USGS-413544073390401,0.13500000000,1
1025,USGS-413551073343101,0.03600000000,1
1026,USGS-413758073552401,0.81400000000,9
1027,USGS-413806073324701,0.28900000000,1
1028,USGS-414904073575201,0.15925000000,4
1029,USGS-415424074344801,0.11800000000,1
1030,USGS-415755074303601,0.45720000000,5
1031,USGS-415825074255201,0.04300000000,1
1032,USGS-415825074302701,0.76656408071,331
1033,USGS-415828074310701,0.40587310127,316
1034,USGS-420034074253201,0.08600000000,2
1035,USGS-420042074250701,0.05600000000,1
1036,USGS-420103076540701,0.06850000000,2
1037,USGS-420144074284501,0.66100000000,1
1038,USGS-420722075565001,0.45825000000,4
1039,USGS-422223074400201,1.14625000000,4
1040,USGS-422240076171301,0.36650000000,2
1041,USGS-422308076515501,0.30900000000,2
1042,USGS-422333076203401,1.93000000000,2
1043,USGS-422337076212201,0.38733333333,3
1044,USGS-422340076222801,0.08933333333,3
1045,USGS-422353076353201,0.18100000000,1
1046,USGS-422359076195801,0.13900000000,3
1047,USGS-422534076521601,0.31300000000,2
1048,USGS-422644076300001,0.15400000000,4
1049,USGS-422827076162401,1.19000000000,1
1050,USGS-422925076543901,0.30400000000,2
1051,USGS-422956076532601,0.30350000000,2
1052,USGS-423320076150001,4.70000000000,1
1053,USGS-423321076145601,4.72000000000,1
1054,USGS-423321076150501,4.71000000000,1
1055,USGS-423323076145001,3.78000000000,1
1056,USGS-423533076062101,0.37600000000,4
1057,USGS-423541076550801,0.29250000000,2
1058,USGS-423613073422001,0.29555555556,9
1059,USGS-423650076523901,0.30850000000,2
1060,USGS-424059073322501,0.18566666667,3
1061,USGS-424102076530301,0.30250000000,2
1062,USGS-424109076564601,0.27750000000,2
1063,USGS-424143073382901,0.35588888889,9
1064,USGS-424247074294501,0.15633333333,3
1065,USGS-424445076551601,0.27300000000,2
1066,USGS-424550076581501,0.25900000000,2
1067,USGS-424552076162101,0.35150000000,1
1068,USGS-424605076162401,0.33950000000,1
1069,USGS-424616076280804,0.96366666667,3
1070,USGS-424629076292701,0.92800000000,2
1071,USGS-424633075300701,0.34775000000,4
1072,USGS-424643073472901,0.36811111111,9
1073,USGS-424645076294501,0.98200000000,2
1074,USGS-424708076554401,0.28025000000,2
1075,USGS-424711076162801,0.32600000000,1
1076,USGS-424722076165401,0.32800000000,1
1077,USGS-424738076290701,1.18325000000,2
1078,USGS-424743076301301,1.57150000000,2
1079,USGS-424816076293103,1.34200000000,3
1080,USGS-424822076175501,0.31700000000,1
1081,USGS-424833076304901,1.96450000000,2
1082,USGS-424839076184301,0.35300000000,1
1083,USGS-424909076185601,0.40900000000,1
1084,USGS-424926076194701,0.35400000000,1
1085,USGS-424927076184201,0.32600000000,1
1086,USGS-424929076311501,1.36050000000,2
1087,USGS-424944076075401,0.02500000000,2
1088,USGS-425001076201601,0.30700000000,1
1089,USGS-425027076564401,0.35107539683,21
1090,USGS-425105076214701,0.31500000000,1
1091,USGS-425113076083405,2.21000000000,1
1092,USGS-425121076082001,0.14900000000,1
1093,USGS-425138076304302,1.52166666667,3
1094,USGS-425143076213801,0.31700000000,1
1095,USGS-425149076234301,0.30600000000,1
1096,USGS-425205076241001,0.33800000000,1
1097,USGS-425206076583801,0.33100000000,2
1098,USGS-425208076223701,0.30800000000,1
1099,USGS-425232076224301,0.33300000000,1
1100,USGS-425308076235401,0.31300000000,1
1101,USGS-425326076325401,0.74700000000,2
1102,USGS-425327076313601,0.96786507937,21
1103,USGS-425338077583101,2.50000000000,1
1104,USGS-425352076245601,0.31900000000,1
1105,USGS-425358073462301,0.56588888889,9
1106,USGS-425403076314201,0.77900000000,3
1107,USGS-425405076320601,0.40212500000,4
1108,USGS-425408076322601,0.37166666667,3
1109,USGS-425414076240901,0.32100000000,1
1110,USGS-425426076251001,1.89000000000,1
1111,USGS-425512076252401,0.29900000000,1
1112,USGS-425530076243101,0.29900000000,1
1113,USGS-425540074384801,0.32911111111,9
1114,USGS-425545076254001,0.32400000000,1
1115,USGS-425606076251601,0.39951190476,7
1116,USGS-425628076253801,0.26250000000,1
1117,USGS-430056078044801,1.19711111111,9
1118,USGS-430317076054201,1.01124305556,36
1119,USGS-430415076055901,0.55104761905,21
1120,USGS-430524076084201,0.19350000000,6
1121,USGS-430557075181801,0.39700000000,9
1122,USGS-430629077274701,0.44011111111,9
1123,USGS-430712074380501,0.12320000000,5
1124,USGS-430823074303201,0.27644444444,3
1125,USGS-430905074414901,0.06320000000,5
1126,USGS-431000074294001,0.20451515152,11
1127,USGS-431048074393401,0.10900000000,5
1128,USGS-431153077370801,0.57700000000,2
1129,USGS-431314077315901,0.31750000000,2
1130,USGS-431320074321001,0.40333333333,3
1131,USGS-431407077322901,0.27018181818,11
1132,USGS-431442077304401,0.21557142857,7
1133,USGS-431443077304401,0.21318181818,11
1134,USGS-431444077304501,0.20772727273,11
1135,USGS-431444077304502,0.20633333333,9
1136,USGS-431450077304601,0.21041666667,12
1137,USGS-431450077304602,0.20745454546,11
1138,USGS-431452077310401,0.21816666667,12
1139,USGS-431452077310402,0.21275000000,12
1140,USGS-431452077310403,0.27866666667,3
1141,USGS-431453077305501,0.22420833333,12
1142,USGS-431453077305502,0.22561538462,13
1143,USGS-431453077305503,0.22025000000,12
1144,USGS-431453077305504,0.23275000000,8
1145,USGS-431502077304601,0.23045454546,11
1146,USGS-431502077304602,0.22330000000,10
1147,USGS-431502077304603,0.22445454546,11
1148,USGS-431502077304604,0.22610000000,10
1149,USGS-431512077304701,0.22020000000,10
1150,USGS-431512077304702,0.21660000000,10
1151,USGS-431512077304703,0.21170000000,10
1152,USGS-431512077304704,0.21930000000,10
1153,USGS-431512077304705,0.21675000000,8
1154,USGS-431517074211201,0.23072727273,11
1155,USGS-431522073543501,0.08262500000,8
1156,USGS-431530077304701,0.19955555556,9
1157,USGS-431530077304702,0.20850000000,4
1158,USGS-431530077304703,0.18640000000,5
1159,USGS-431530077304704,0.21133333333,3
1160,USGS-431530077304705,0.19425000000,4
1161,USGS-431530077304706,0.23562500000,8
1162,USGS-431533076582101,0.19100000000,2
1163,USGS-431535077363101,0.30811111111,9
1164,USGS-431542077382401,0.98900000000,9
1165,USGS-431548076593501,0.15800000000,4
1166,USGS-431555074214301,0.23700000000,10
1167,USGS-431557074140901,0.04833333333,6
1168,USGS-431606074120201,0.00900000000,1
1169,USGS-431625074401001,0.44350000000,2
1170,USGS-431625079011001,0.08820000000,5
1171,USGS-431626079011001,0.11742857143,7
1172,USGS-431628079011101,0.08740000000,5
1173,USGS-431628079011102,0.08860000000,5
1174,USGS-431630079011201,0.12800000000,6
1175,USGS-431630079011202,0.12700000000,6
1176,USGS-431631074402401,0.16600000000,2
1177,USGS-431632074332401,0.34233333333,3
1178,USGS-431635079011401,0.11642857143,7
1179,USGS-431635079011402,0.13020000000,5
1180,USGS-431640079011601,0.12085714286,7
1181,USGS-431640079011602,0.13114285714,7
1182,USGS-431640079011603,0.14025000000,6
1183,USGS-431641078591501,0.14888888889,9
1184,USGS-431644079011701,0.14083333333,6
1185,USGS-431644079011702,0.12428571429,7
1186,USGS-431644079011703,0.15900000000,5
1187,USGS-431645076494101,0.63266666667,3
1188,USGS-431654079012101,0.13521428571,7
1189,USGS-431654079012102,0.14028571429,7
1190,USGS-431654079012103,0.15383333333,6
1191,USGS-431705074114501,0.03862500000,8
1192,USGS-431707076552901,0.24025000000,4
1193,USGS-431708076552901,0.27040000000,5
1194,USGS-431709076552901,0.20600000000,6
1195,USGS-431712076553001,0.21083333333,6
1196,USGS-431712076553002,0.20950000000,2
1197,USGS-431713079012901,0.10220000000,5
1198,USGS-431713079012902,0.10440000000,5
1199,USGS-431713079012903,0.10175000000,4
1200,USGS-431713079012904,0.12240000000,5
1201,USGS-431716076553001,0.21733333333,6
1202,USGS-431716076553002,0.19066666667,3
1203,USGS-431721076553001,0.21820000000,5
1204,USGS-431721076553002,0.16850000000,2
1205,USGS-431726076553001,0.23300000000,5
1206,USGS-431726076553002,0.17800000000,2
1207,USGS-431731074023501,0.04100000000,1
1208,USGS-431733074144101,0.07400000000,2
1209,USGS-431736076553001,0.22340000000,5
1210,USGS-431736076553002,0.23775000000,4
1211,USGS-431736076553003,0.23225000000,4
1212,USGS-431741077405001,0.34500000000,1
1213,USGS-431756076553101,0.22700000000,5
1214,USGS-431756076553102,0.19700000000,2
1215,USGS-431756076553103,0.19800000000,2
1216,USGS-431756076553104,0.19333333333,3
1217,USGS-431756076553105,0.24850000000,4
1218,USGS-431805074090401,0.06685714286,7
1219,USGS-431818074121301,0.03416666667,6
1220,USGS-431819076502101,0.29906250000,8
1221,USGS-431833077420401,0.23054545455,11
1222,USGS-431926074005901,0.07033333333,3
1223,USGS-431934074545101,0.17833333333,3
1224,USGS-431942074023401,0.00400000000,1
1225,USGS-431943074051001,0.43900000000,3
1226,USGS-432002074105701,0.06600000000,2
1227,USGS-432020078431901,0.26472727273,11
1228,USGS-432032078413201,0.13260000000,5
1229,USGS-432034078413301,0.16291666667,6
1230,USGS-432034078413302,0.18900000000,1
1231,USGS-432035078413301,0.12900000000,4
1232,USGS-432035078413302,0.12750000000,2
1233,USGS-432036078413401,0.16150000000,6
1234,USGS-432036078413402,0.16200000000,6
1235,USGS-432038076424101,0.10666666667,3
1236,USGS-432041078413601,0.16900000000,6
1237,USGS-432041078413602,0.16766666667,6
1238,USGS-432044076424901,0.25500000000,8
1239,USGS-432046078413801,0.17166666667,6
1240,USGS-432046078413802,0.17020000000,5
1241,USGS-432046078413803,0.18025000000,6
1242,USGS-432051078414101,0.16616666667,6
1243,USGS-432051078414102,0.16580000000,5
1244,USGS-432051078414103,0.16566666667,6
1245,USGS-432060078414501,0.16633333333,6
1246,USGS-432060078414502,0.16780000000,5
1247,USGS-432060078414503,0.17520000000,5
1248,USGS-432060078414504,0.18166666667,6
1249,USGS-432111077533801,0.28995000000,10
1250,USGS-432119078415301,0.14060000000,5
1251,USGS-432119078415302,0.14100000000,4
1252,USGS-432119078415303,0.14025000000,4
1253,USGS-432119078415304,0.15275000000,4
1254,USGS-432119078415305,0.19280000000,5
1255,USGS-432119078415306,0.29400000000,1
1256,USGS-432122074175901,0.12200000000,3
1257,USGS-432139074193601,0.19700000000,3
1258,USGS-432141074222001,0.16033333333,3
1259,USGS-432157074255501,0.18050000000,10
1260,USGS-432217074252801,0.24633333333,3
1261,USGS-432223078113301,0.49500000000,9
1262,USGS-432225074254101,0.28650000000,2
1263,USGS-432226078095301,0.15183333333,6
1264,USGS-432227074260801,0.08400000000,2
1265,USGS-432227078095301,0.16971428571,7
1266,USGS-432228078095301,0.15433333333,6
1267,USGS-432228078095302,0.19200000000,4
1268,USGS-432230078101001,0.18442857143,7
1269,USGS-432230078101002,0.17614285714,7
1270,USGS-432234074132601,0.11950000000,2
1271,USGS-432235074464701,0.07550000000,2
1272,USGS-432241078095301,0.20807142857,7
1273,USGS-432241078095302,0.21883333333,6
1274,USGS-432241078095303,0.22033333333,6
1275,USGS-432242074563101,0.18130000000,10
1276,USGS-432245074591901,0.19666666667,3
1277,USGS-432245078103701,0.19442857143,7
1278,USGS-432245078103702,0.19814285714,7
1279,USGS-432246078095201,0.22100000000,6
1280,USGS-432246078095202,0.22620000000,5
1281,USGS-432246078095203,0.24220000000,5
1282,USGS-432248074400001,0.54650000000,2
1283,USGS-432253073463901,0.18475000000,4
1284,USGS-432255078095201,0.20816666667,6
1285,USGS-432255078095202,0.27900000000,3
1286,USGS-432255078095203,0.12800000000,2
1287,USGS-432302074572801,0.14600000000,4
1288,USGS-432303074560401,0.30600000000,3
1289,USGS-432315078095101,0.20200000000,4
1290,USGS-432315078095102,0.23033333333,3
1291,USGS-432315078095103,0.22733333333,3
1292,USGS-432315078095104,0.23366666667,3
1293,USGS-432315078095105,0.20925000000,4
1294,USGS-432315078095106,0.24825000000,4
1295,USGS-432315078095107,0.33650000000,2
1296,USGS-432321074354601,0.09300000000,2
1297,USGS-432355074380801,0.44700000000,3
1298,USGS-432356074514601,0.17400000000,2
1299,USGS-432407074343701,0.56666666667,3
1300,USGS-432407074425401,0.25610000000,10
1301,USGS-432413074181801,0.17633333333,3
1302,USGS-432416074340801,0.43033333333,3
1303,USGS-432417074470401,0.25133333333,3
1304,USGS-432452074432101,0.34433333333,3
1305,USGS-432455074331601,0.37900000000,3
1306,USGS-432522074523301,0.05800000000,1
1307,USGS-432532074183401,0.15337500000,8
1308,USGS-432602075060201,0.32720000000,5
1309,USGS-432622075075801,0.09760000000,5
1310,USGS-432623074280401,0.36900000000,3
1311,USGS-432626074315201,0.39233333333,3
1312,USGS-432652074243301,0.20533333333,3
1313,USGS-432654074313101,0.45200000000,7
1314,USGS-432708075053101,0.24580000000,5
1315,USGS-432718075001801,0.18583333333,6
1316,USGS-432720073590701,0.03166666667,3
1317,USGS-432720075091001,0.10912500000,16
1318,USGS-432730074312101,0.53960000000,5
1319,USGS-432731074311701,0.24250000000,2
1320,USGS-432741074260501,0.11433333333,3
1321,USGS-432741076315401,0.20980000000,10
1322,USGS-432806074304801,0.20600000000,3
1323,USGS-432806075033501,0.22915384615,13
1324,USGS-432820074145201,0.30300000000,3
1325,USGS-432910075001001,0.39300000000,6
1326,USGS-433005074183801,0.29190909091,11
1327,USGS-433010074585901,0.48360000000,5
1328,USGS-433011074590001,0.12100000000,1
1329,USGS-433014074585101,0.45450000000,6
1330,USGS-433041076260601,0.25900000000,4
1331,USGS-433042076260701,0.24933333333,6
1332,USGS-433043076260801,0.23642857143,7
1333,USGS-433043076260802,0.25700000000,5
1334,USGS-433044074565301,0.35416666667,6
1335,USGS-433045076261001,0.24085714286,7
1336,USGS-433045076261002,0.25000000000,7
1337,USGS-433049074093101,0.16100000000,4
1338,USGS-433049076261401,0.24085714286,7
1339,USGS-433049076261402,0.26400000000,5
1340,USGS-433049076261403,0.24700000000,7
1341,USGS-433053076261801,0.24114285714,7
1342,USGS-433053076261802,0.23850000000,4
1343,USGS-433053076261803,0.26083333333,6
1344,USGS-433053076261804,0.28000000000,4
1345,USGS-433057076262101,0.24850000000,6
1346,USGS-433057076262102,0.26240000000,5
1347,USGS-433057076262103,0.26660000000,5
1348,USGS-433057076262104,0.26616666667,6
1349,USGS-433102075073801,0.09660000000,5
1350,USGS-433105074175801,0.18433333333,3
1351,USGS-433105076262901,0.24400000000,6
1352,USGS-433105076262902,0.27520000000,5
1353,USGS-433105076262903,0.23775000000,4
1354,USGS-433105076262904,0.26380000000,5
1355,USGS-433105076262905,0.26500000000,4
1356,USGS-433105076262906,0.26800000000,3
1357,USGS-433113074221401,0.10333333333,3
1358,USGS-433117075073501,0.22058333333,12
1359,USGS-433122076264401,0.28000000000,4
1360,USGS-433122076264402,0.24500000000,3
1361,USGS-433122076264403,0.20300000000,2
1362,USGS-433122076264404,0.25333333333,3
1363,USGS-433122076264405,0.26975000000,4
1364,USGS-433122076264406,0.27300000000,2
1365,USGS-433122076264407,0.21400000000,1
1366,USGS-433122076264408,0.19300000000,1
1367,USGS-433123074233301,0.26200000000,3
1368,USGS-433130074555201,0.48321428571,14
1369,USGS-433136074231001,0.18671428571,7
1370,USGS-433206075055601,0.25860000000,5
1371,USGS-433208075122301,0.07466666667,1
1372,USGS-433223075122001,0.20183333333,6
1373,USGS-433243075124601,0.11600000000,1
1374,USGS-433313075114301,0.26433333333,3
1375,USGS-433324075165001,0.07669230769,13
1376,USGS-433325075083601,0.18714285714,7
1377,USGS-433334076123701,0.22177777778,9
1378,USGS-433340074070401,0.15350000000,2
1379,USGS-433342073434001,0.01350000000,2
1380,USGS-433348074221201,0.33566666667,3
1381,USGS-433422075153301,0.08780000000,5
1382,USGS-433423075183301,0.04175000000,4
1383,USGS-433453075182501,0.07920000000,5
1384,USGS-433540073505701,0.02850000000,2
1385,USGS-433547076115901,0.19487500000,8
1386,USGS-433548075110101,0.11418181818,11
1387,USGS-433548076120001,0.19737500000,8
1388,USGS-433548076120201,0.20337500000,8
1389,USGS-433548076120202,0.23333333333,6
1390,USGS-433548076120601,0.20800000000,8
1391,USGS-433548076120602,0.22312500000,8
1392,USGS-433548076121201,0.21500000000,7
1393,USGS-433548076121202,0.24687500000,8
1394,USGS-433548076121901,0.21728571429,7
1395,USGS-433548076121902,0.24077777778,9
1396,USGS-433548076121903,0.23433333333,6
1397,USGS-433549076122601,0.21885714286,7
1398,USGS-433549076122602,0.23488888889,9
1399,USGS-433549076122603,0.22100000000,7
1400,USGS-433549076124001,0.21966666667,6
1401,USGS-433549076124002,0.21950000000,6
1402,USGS-433549076124003,0.21760000000,5
1403,USGS-433549076124004,0.29400000000,2
1404,USGS-433551076130701,0.21883333333,6
1405,USGS-433551076130702,0.24628571429,7
1406,USGS-433551076130703,0.25642857143,7
1407,USGS-433551076130704,0.22566666667,6
1408,USGS-433551076130705,0.23640000000,5
1409,USGS-433553075062101,0.27915384615,13
1410,USGS-433555074042001,0.05300000000,5
1411,USGS-433605074065001,0.14137500000,8
1412,USGS-433613075184301,0.24225925926,18
1413,USGS-433632073533001,0.00480000000,5
1414,USGS-433636075084101,0.27900000000,6
1415,USGS-433639075093101,0.16141666667,12
1416,USGS-433702075200701,0.09550000000,4
1417,USGS-433706074564501,0.16816666667,6
1418,USGS-433729074241401,0.37244444444,3
1419,USGS-433730074435701,0.05533333333,3
1420,USGS-433751076114901,0.21690909091,11
1421,USGS-433753075211101,0.23150000000,2
1422,USGS-433756076112001,0.18525000000,4
1423,USGS-433800074550101,0.40800000000,4
1424,USGS-433811075180601,0.13230769231,13
1425,USGS-433820074410001,0.34283333333,12
1426,USGS-433822075143901,0.05480000000,5
1427,USGS-433830073555601,0.05133333333,3
1428,USGS-433837074571401,0.50300000000,11
1429,USGS-433849074575101,0.30275000000,12
1430,USGS-433851075210501,0.15980000000,5
1431,USGS-433854074411501,0.35945454546,11
1432,USGS-433909074403201,0.18000000000,1
1433,USGS-433914074241401,0.36766666667,3
1434,USGS-433918074403501,0.22420000000,5
1435,USGS-433920074403401,0.27457142857,7
1436,USGS-433922075210201,0.28800000000,5
1437,USGS-433940075053201,0.21210000000,10
1438,USGS-433942074223901,0.13466666667,3
1439,USGS-433948073573401,0.10066666667,3
1440,USGS-433949075063801,0.25420000000,5
1441,USGS-433953074400801,0.26185714286,14
1442,USGS-433955074401101,0.18100000000,1
1443,USGS-433958074395001,0.21200000000,1
1444,USGS-434000074401301,0.18700000000,1
1445,USGS-434001075045401,0.19430769231,13
1446,USGS-434003074393801,0.14800000000,1
1447,USGS-434004074401701,0.18500000000,1
1448,USGS-434005075160601,0.17942857143,7
1449,USGS-434006075200101,0.15366666667,15
1450,USGS-434008074392501,0.09300000000,1
1451,USGS-434008075205301,0.26140000000,5
1452,USGS-434012075040501,0.14920000000,5
1453,USGS-434013074391001,0.01200000000,1
1454,USGS-434024073374201,0.13900000000,1
1455,USGS-434025074585901,0.62216666667,12
1456,USGS-434029074590401,0.05200000000,1
1457,USGS-434043073354101,0.32954545455,11
1458,USGS-434049074462001,0.17044444444,12
1459,USGS-434051074415901,0.21220000000,5
1460,USGS-434054074421001,0.06600000000,1
1461,USGS-434056074440401,0.35057142857,7
1462,USGS-434057074425001,0.32300000000,4
1463,USGS-434100074462601,0.15500000000,1
1464,USGS-434101074420301,0.28680000000,5
1465,USGS-434105074393501,0.15457142857,14
1466,USGS-434105074581501,0.10800000000,2
1467,USGS-434106075123101,0.19340000000,5
1468,USGS-434107074591301,0.26916666667,6
1469,USGS-434114074203401,0.13950000000,2
1470,USGS-434116075125501,0.18228571429,7
1471,USGS-434118075133101,0.05250000000,4
1472,USGS-434124074393301,0.31472727273,11
1473,USGS-434127075200801,0.11780000000,5
1474,USGS-434131073430801,0.17900000000,3
1475,USGS-434136074360701,0.20506666667,30
1476,USGS-434139075213801,0.10100000000,5
1477,USGS-434142074533201,0.39833333333,5
1478,USGS-434145074413201,0.45940000000,5
1479,USGS-434147074033101,0.19811111111,3
1480,USGS-434154074445701,0.62700000000,4
1481,USGS-434204074452401,0.55750000000,4
1482,USGS-434207074453801,0.28350000000,6
1483,USGS-434208074343001,0.25767948718,39
1484,USGS-434208074354501,0.17400000000,36
1485,USGS-434208074450901,0.27597222222,12
1486,USGS-434210074332201,0.22800000000,1
1487,USGS-434210074334001,0.23100000000,1
1488,USGS-434211074065801,0.03666666667,3
1489,USGS-434211074150201,0.21544444444,3
1490,USGS-434211074315801,0.11800000000,1
1491,USGS-434211074333001,0.13500000000,1
1492,USGS-434211074340001,0.22900000000,1
1493,USGS-434211074452401,0.27936111111,12
1494,USGS-434211074462301,0.36083333333,6
1495,USGS-434212074330501,0.18500000000,1
1496,USGS-434213074321301,0.11700000000,1
1497,USGS-434213074324401,0.17600000000,1
1498,USGS-434213074340801,0.30200000000,1
1499,USGS-434216074343401,0.19262500000,32
1500,USGS-434217074465001,0.38870000000,10
1501,USGS-434218074335701,0.30000000000,1
1502,USGS-434221074334301,0.26800000000,1
1503,USGS-434228074333301,0.21400000000,1
1504,USGS-434229074572901,0.11300000000,2
1505,USGS-434233074160501,0.17707407407,9
1506,USGS-434233074333001,0.21800000000,1
1507,USGS-434236074332601,0.22300000000,1
1508,USGS-434240074332201,0.24300000000,1
1509,USGS-434242075215601,0.04100000000,4
1510,USGS-434249075215601,0.04944444444,9
1511,USGS-434252074540201,0.38766666667,3
1512,USGS-434254075144401,0.03925000000,4
1513,USGS-434256074453801,0.44669230769,13
1514,USGS-434300073530301,0.02700000000,3
1515,USGS-434301074453701,0.52850000000,4
1516,USGS-434304074070901,0.00500000000,1
1517,USGS-434305074185601,0.14666666667,3
1518,USGS-434307074185401,0.09137500000,8
1519,USGS-434308074034901,0.08866666667,3
1520,USGS-434308075152201,0.24764516129,31
1521,USGS-434317075125401,0.15750000000,4
1522,USGS-434324074571301,0.12500000000,1
1523,USGS-434329074570601,0.13350000000,4
1524,USGS-434331074565601,0.13800000000,1
1525,USGS-434335074564501,0.18000000000,1
1526,USGS-434336075205601,0.05520000000,5
1527,USGS-434338074450101,0.11700000000,1
1528,USGS-434339074451401,0.11500000000,1
1529,USGS-434340074444201,0.11100000000,1
1530,USGS-434341074563401,0.18500000000,1
1531,USGS-434342074442901,0.12500000000,1
1532,USGS-434343074013501,0.05933333333,3
1533,USGS-434344074562701,0.18300000000,1
1534,USGS-434348074561701,0.22100000000,1
1535,USGS-434350074452901,0.13200000000,1
1536,USGS-434351074560901,0.24100000000,1
1537,USGS-434353074530001,0.03300000000,1
1538,USGS-434359074471801,0.49522222222,3
1539,USGS-434410073591101,0.18950000000,2
1540,USGS-434411074420801,0.05300000000,1
1541,USGS-434412074422101,0.19500000000,1
1542,USGS-434414074445701,0.32927722772,101
1543,USGS-434416074445601,0.19000000000,1
1544,USGS-434417074445501,0.44700000000,1
1545,USGS-434421074584901,0.33900000000,13
1546,USGS-434422074422201,0.17700000000,1
1547,USGS-434427074584401,0.46180000000,5
1548,USGS-434431074422901,0.12200000000,1
1549,USGS-434432074455901,0.09900000000,2
1550,USGS-434433074424201,0.16900000000,1
1551,USGS-434436074425401,0.16300000000,1
1552,USGS-434438074430701,0.17200000000,1
1553,USGS-434442074473801,0.58600000000,5
1554,USGS-434444074052901,0.02133333333,3
1555,USGS-434446074562301,0.38010000000,10
1556,USGS-434450074452901,0.13600000000,1
1557,USGS-434450075200101,0.24373913044,23
1558,USGS-434451074175301,0.22166666667,3
1559,USGS-434458074481701,0.35400000000,1
1560,USGS-434500074441601,0.48400000000,11
1561,USGS-434503073503001,0.06066666667,3
1562,USGS-434504074543901,0.39247794118,272
1563,USGS-434506074544301,0.19050000000,2
1564,USGS-434531074473001,0.21100000000,1
1565,USGS-434539074583801,0.41464285714,14
1566,USGS-434544074411101,0.37560000000,5
1567,USGS-434547074420701,0.23800000000,1
1568,USGS-434547074421001,0.21222580645,31
1569,USGS-434547074582101,0.36635714286,14
1570,USGS-434550074473501,0.17400000000,2
1571,USGS-434551074473501,0.17468750000,32
1572,USGS-434557074471701,0.09100000000,1
1573,USGS-434603074470301,0.09900000000,1
1574,USGS-434605074464701,0.09900000000,1
1575,USGS-434606074424901,0.42333333333,6
1576,USGS-434609074463101,0.11600000000,1
1577,USGS-434613074461601,0.12700000000,1
1578,USGS-434617074455901,0.13100000000,1
1579,USGS-434620074454501,0.14300000000,1
1580,USGS-434621074453401,0.10500000000,1
1581,USGS-434623074491001,0.18631250000,32
1582,USGS-434628075122101,0.13944444444,12
1583,USGS-434637074464701,0.56800000000,4
1584,USGS-434643073545001,0.02600000000,2
1585,USGS-434644075202101,0.12650000000,4
1586,USGS-434652074565401,0.35491666667,12
1587,USGS-434733073504201,0.07933333333,3
1588,USGS-434739075191601,0.07850000000,6
1589,USGS-434758073580401,0.06733333333,3
1590,USGS-434801074505701,0.13500000000,1
1591,USGS-434805073494101,0.06055555556,9
1592,USGS-434813074505701,0.17800000000,3
1593,USGS-434816074494201,0.67800000000,1
1594,USGS-434820074190201,0.57133333333,3
1595,USGS-434836074030201,0.08100000000,1
1596,USGS-434845073302501,0.01900000000,3
1597,USGS-434848073512801,0.03950000000,2
1598,USGS-434850073560401,0.08200000000,3
1599,USGS-434903074525401,0.07900000000,1
1600,USGS-434908075212501,0.13320000000,5
1601,USGS-434915075190901,0.11606172840,27
1602,USGS-434916073492501,0.07400000000,3
1603,USGS-434916073562801,0.01333333333,3
1604,USGS-434916074210101,0.29025000000,4
1605,USGS-434922073471201,0.05350000000,2
1606,USGS-434945074515901,0.33097188755,83
1607,USGS-434948074515801,0.27200000000,1
1608,USGS-435001075001701,0.14522222222,9
1609,USGS-435004075012401,0.34818181818,11
1610,USGS-435024074255001,0.68100000000,3
1611,USGS-435031073472801,0.09500000000,2
1612,USGS-435032075000901,0.26366666667,6
1613,USGS-435054075153501,0.09240000000,5
1614,USGS-435056074570101,0.33725000000,4
1615,USGS-435102076122201,0.21325000000,8
1616,USGS-435103073425801,0.01700000000,3
1617,USGS-435106075044101,0.28233333333,3
1618,USGS-435115075093901,0.13337500000,8
1619,USGS-435128075002301,0.25330769231,13
1620,USGS-435129075140301,0.15800000000,1
1621,USGS-435132073534001,0.08788888889,6
1622,USGS-435139075082201,0.23282352941,17
1623,USGS-435145073454301,0.07011111111,3
1624,USGS-435201074254001,0.09233333333,9
1625,USGS-435215073452201,0.08950000000,2
1626,USGS-435233075044401,0.32960000000,5
1627,USGS-435238073530101,0.27666666667,3
1628,USGS-435253073435201,0.12600000000,1
1629,USGS-435306073435801,0.03366666667,3
1630,USGS-435306073455901,0.00766666667,3
1631,USGS-435308075171401,0.17560000000,5
1632,USGS-435327074245401,0.29722222222,3
1633,USGS-435352075032701,0.30520000000,5
1634,USGS-435403075031401,0.19184615385,13
1635,USGS-435405075153301,0.32866666667,6
1636,USGS-435431075180201,0.38370000000,10
1637,USGS-435441074242501,0.17645454546,11
1638,USGS-435446074285901,0.41489393939,11
1639,USGS-435450075025601,0.21520000000,5
1640,USGS-435459073391001,0.01700000000,2
1641,USGS-435524073440001,0.05066666667,3
1642,USGS-435529075122601,0.24286666667,5
1643,USGS-435531074484701,0.21293333333,5
1644,USGS-435539073441601,0.13100000000,1
1645,USGS-435540074420101,0.32975000000,4
1646,USGS-435540074454401,0.27400000000,5
1647,USGS-435600074411501,0.05850000000,2
1648,USGS-435610075184901,0.34100000000,2
1649,USGS-435626074265101,0.46177777778,9
1650,USGS-435630075184701,2.70833333333,2
1651,USGS-435650073592601,0.20973333333,10
1652,USGS-435651073495601,0.35250000000,2
1653,USGS-435651074414101,0.22625000000,4
1654,USGS-435704074263401,0.30796666667,10
1655,USGS-435705075165501,0.37076923077,13
1656,USGS-435714074020701,0.18009090909,11
1657,USGS-435733073312201,0.05033333333,3
1658,USGS-435740074240801,0.31818181818,11
1659,USGS-435755074483401,0.10160000000,5
1660,USGS-435757074030101,0.10000000000,2
1661,USGS-435806074030401,0.21163636364,11
1662,USGS-435808074065801,0.10000000000,2
1663,USGS-435813073491301,0.01066666667,3
1664,USGS-435830074473601,0.12273333333,5
1665,USGS-435840074141001,0.10000000000,1
1666,USGS-435851074030701,0.12925000000,4
1667,USGS-435852075112301,0.25740000000,5
1668,USGS-435905074465901,0.15980000000,5
1669,USGS-435917073432801,0.01866666667,3
1670,USGS-435937074144301,0.10000000000,1
1671,USGS-435943075114201,0.29100000000,15
1672,USGS-435951074475001,0.05900000000,1
1673,USGS-440000074473801,0.05500000000,1
1674,USGS-440001074472301,0.04400000000,1
1675,USGS-440003074464601,0.06800000000,1
1676,USGS-440004074471601,0.04300000000,1
1677,USGS-440005074463501,0.06800000000,1
1678,USGS-440005074470201,0.05300000000,1
1679,USGS-440005074491401,0.12625000000,4
1680,USGS-440007073431901,0.04133333333,3
1681,USGS-440008074465301,0.05500000000,1
1682,USGS-440016075193501,0.08080000000,5
1683,USGS-440019074505101,0.28453333333,5
1684,USGS-440034074184801,0.42450000000,1
1685,USGS-440040076171501,0.20933333333,9
1686,USGS-440125075084201,0.18840000000,10
1687,USGS-440126074502101,0.05900000000,1
1688,USGS-440128074500701,0.04600000000,1
1689,USGS-440134074495301,0.03100000000,1
1690,USGS-440141074015301,0.58866666667,3
1691,USGS-440141074494301,0.01700000000,1
1692,USGS-440144074291301,0.29300000000,2
1693,USGS-440148074491801,0.01600000000,1
1694,USGS-440149074490301,0.00800000000,1
1695,USGS-440149074493201,0.01800000000,1
1696,USGS-440151074015501,0.49618181818,11
1697,USGS-440151075084801,0.25560000000,10
1698,USGS-440152074485001,0.01300000000,1
1699,USGS-440152076125301,0.17731250000,8
1700,USGS-440154075184701,0.18006666667,5
1701,USGS-440201075053401,0.37380000000,5
1702,USGS-440213075062701,0.34240000000,5
1703,USGS-440239075051001,0.43750000000,8
1704,USGS-440239075165601,0.11138461539,13
1705,USGS-440250075171901,0.09725000000,4
1706,USGS-440303075131601,0.15116666667,12
1707,USGS-440320075184201,0.09525000000,4
1708,USGS-440340073411001,0.03183333333,6
1709,USGS-440351075175501,0.05200000000,5
1710,USGS-440403074021901,0.59633333333,3
1711,USGS-440430075142201,0.42900000000,5
1712,USGS-440451073293001,0.09100000000,2
1713,USGS-440455074014401,0.26975000000,4
1714,USGS-440530075163801,0.57255555556,6
1715,USGS-440603075143001,0.33360000000,5
1716,USGS-440606075200201,0.05940000000,10
1717,USGS-440609073491401,0.18722222222,9
1718,USGS-440610075143701,0.20800000000,5
1719,USGS-440613075144301,0.12850000000,12
1720,USGS-440615073413201,0.08380000000,10
1721,USGS-440647075041601,0.27120000000,5
1722,USGS-440654075073001,0.39160000000,5
1723,USGS-440657075191301,0.28575000000,4
1724,USGS-440701075192101,0.19660000000,5
1725,USGS-440703073345901,0.03200000000,1
1726,USGS-440705075141901,0.31641666667,12
1727,USGS-440710075173501,0.51681818182,11
1728,USGS-440711075171501,0.57425000000,4
1729,USGS-440714073502701,0.05320000000,5
1730,USGS-440729075143701,0.02425000000,4
1731,USGS-440730074292201,0.38600000000,2
1732,USGS-440738073591201,0.29420000000,10
1733,USGS-440742073391001,0.13687500000,8
1734,USGS-440750074262301,0.33850000000,2
1735,USGS-440752075152001,0.07560000000,5
1736,USGS-440754075064901,0.27450000000,4
1737,USGS-440759073442801,0.02483333333,6
1738,USGS-440813073573301,0.28466666667,9
1739,USGS-440821073381401,0.00933333333,3
1740,USGS-440841073475901,0.10533333333,3
1741,USGS-440846074533101,0.15740000000,5
1742,USGS-440849074571101,0.15150000000,4
1743,USGS-440859075065901,0.27661904762,14
1744,USGS-440900073555301,0.18300000000,10
1745,USGS-440900074305901,0.20100000000,2
1746,USGS-440908073444901,0.10833333333,3
1747,USGS-440908074272601,0.22233333333,3
1748,USGS-440910074533001,0.30090000000,10
1749,USGS-440912075061901,0.13800000000,1
1750,USGS-440931074540101,0.33135714286,14
1751,USGS-440932075133301,0.10150000000,10
1752,USGS-440933075105901,0.05760000000,5
1753,USGS-440934075111301,0.05150000000,2
1754,USGS-440945073483301,0.20955555556,9
1755,USGS-440946075182701,0.09460000000,5
1756,USGS-440949073470101,0.14000000000,3
1757,USGS-440955074305001,0.29633333333,3
1758,USGS-440956073540901,0.08211111111,9
1759,USGS-441007074310301,0.27100000000,2
1760,USGS-441008074233401,0.31633333333,2
1761,USGS-441021073573601,0.26366666667,3
1762,USGS-441031073370601,0.00300000000,1
1763,USGS-441034075143101,0.03400000000,4
1764,USGS-441041075144001,0.10575000000,4
1765,USGS-441042073435701,0.05337500000,8
1766,USGS-441044073294101,0.00550000000,2
1767,USGS-441051073494401,0.05837500000,8
1768,USGS-441053075044101,0.17386666667,15
1769,USGS-441058073591701,0.29000000000,3
1770,USGS-441120073552501,0.11030000000,10
1771,USGS-441121073365701,0.02700000000,2
1772,USGS-441127073491501,0.05657142857,7
1773,USGS-441130073504301,0.08200000000,1
1774,USGS-441135074492401,0.40500000000,1
1775,USGS-441137074492001,0.64640000000,15
1776,USGS-441140073301401,0.03333333333,3
1777,USGS-441140073505301,0.01200000000,1
1778,USGS-441141074491901,0.41600000000,1
1779,USGS-441146074491501,0.43100000000,1
1780,USGS-441149074490701,0.49400000000,1
1781,USGS-441152074485801,0.52600000000,1
1782,USGS-441155074485201,0.35100000000,1
1783,USGS-441158074504501,0.23754545455,11
1784,USGS-441200074484501,0.20200000000,1
1785,USGS-441214073500601,0.02900000000,3
1786,USGS-441214073571301,0.20100000000,3
1787,USGS-441216074491701,0.21500000000,5
1788,USGS-441218075131001,0.17460000000,5
1789,USGS-441232073405301,0.03225000000,4
1790,USGS-441237073392501,0.06254166667,8
1791,USGS-441240075125301,0.13775000000,4
1792,USGS-441242074471201,0.11025000000,4
1793,USGS-441242075073401,0.11940000000,10
1794,USGS-441248073540501,0.06233333333,3
1795,USGS-441252074494001,0.25825000000,4
1796,USGS-441252075052101,0.19375000000,8
1797,USGS-441255075143901,0.47433333333,12
1798,USGS-441258073314701,0.01050000000,2
1799,USGS-441311074493001,0.18920000000,10
1800,USGS-441323075182701,0.04350000000,6
1801,USGS-441324074200401,0.22593939394,11
1802,USGS-441329075033701,0.15060000000,5
1803,USGS-441331074502801,0.11120000000,5
1804,USGS-441332075024401,0.13693939394,11
1805,USGS-441340074583501,0.33291666667,4
1806,USGS-441344073444201,0.01200000000,3
1807,USGS-441345073525501,0.06166666667,3
1808,USGS-441349073441001,0.11433333333,3
1809,USGS-441352075131401,0.13618181818,11
1810,USGS-441353073474701,0.05500000000,6
1811,USGS-441408075062001,0.15143750000,16
1812,USGS-441408075063501,0.11620000000,5
1813,USGS-441415075070901,0.40620000000,5
1814,USGS-441418075081501,0.11725000000,4
1815,USGS-441424074155501,0.52100000000,1
1816,USGS-441432073504301,0.16772727273,11
1817,USGS-441446074151301,0.34650000000,22
1818,USGS-441452074232501,0.05254166667,8
1819,USGS-441503075085501,0.33000000000,4
1820,USGS-441512075092701,0.27546153846,13
1821,USGS-441520075084301,0.24975000000,4
1822,USGS-441540073515201,0.25533333333,3
1823,USGS-441549075114301,0.08190000000,10
1824,USGS-441551073324101,0.00625000000,4
1825,USGS-441556075110701,0.37108333333,12
1826,USGS-441600073381201,0.06133333333,3
1827,USGS-441613073370701,0.02220000000,5
1828,USGS-441615075083301,0.54466666667,6
1829,USGS-441654073394201,0.10785714286,7
1830,USGS-441702073411801,0.09154545455,11
1831,USGS-441712074041001,0.29922222222,3
1832,USGS-441715073551001,0.25090909091,11
1833,USGS-441716073460801,0.02416666667,2
1834,USGS-441731075125901,0.16076923077,13
1835,USGS-441741075083101,0.26340000000,5
1836,USGS-441749075163901,0.16400000000,6
1837,USGS-441750075121501,0.09500000000,5
1838,USGS-441812073424301,0.03600000000,3
1839,USGS-441820073485301,0.08518181818,11
1840,USGS-441905075043301,0.06900000000,1
1841,USGS-441953073590801,0.39700000000,3
1842,USGS-441957073314601,0.01175000000,4
1843,USGS-442018073484101,0.01966666667,3
1844,USGS-442058073453501,0.00100000000,1
1845,USGS-442059073491001,0.11233333333,3
1846,USGS-442101073512801,0.32466666667,3
1847,USGS-442137073291101,0.00780000000,5
1848,USGS-442156073504901,0.01233333333,3
1849,USGS-442223074015001,0.35966666667,3
1850,USGS-442243073542001,0.24762500000,8
1851,USGS-442300073495101,0.03383333333,6
1852,USGS-442307073294101,0.05200000000,3
1853,USGS-442322073535101,0.35430000000,10
1854,USGS-442328073513201,0.12990476191,7
1855,USGS-442414075095001,0.37433333333,3
1856,USGS-442440073484001,0.02050000000,2
1857,USGS-442445073542301,0.09333333333,3
1858,USGS-442506073520001,0.27420000000,10
1859,USGS-442518073394401,0.09033333333,3
1860,USGS-442600074253001,0.39366666667,3
1861,USGS-442638073520601,0.29330303030,11
1862,USGS-442716073505501,0.29750000000,2
1863,USGS-442724074215601,0.06100000000,3
1864,USGS-442758073531101,0.05700000000,3
1865,USGS-442833074274101,0.11150000000,2
1866,USGS-442839073324801,0.04263636364,11
1867,USGS-442845074264601,0.02550000000,2
1868,USGS-442851073365401,0.01133333333,3
1869,USGS-442931074233001,0.23200000000,2
1870,USGS-443337074011601,0.08028571429,7
1871,USGS-443409074051501,0.07922222222,9
1872,USGS-443437074032801,0.05750000000,2
1873,USGS-443535073421401,0.03200000000,6
1874,USGS-443706073384301,0.06671428571,7
1875,USGS-443920074164401,0.10806666667,5
1876,USGS-443924074165001,0.40800000000,1
1877,USGS-444252074264401,0.01425000000,4
1878,USGS-444319073493501,0.06950000000,8
1879,Upper Oriskany @ Canal Rd,1.90000000000,1
1880,Upstream Dundee Wastewater Plant,0.72143750000,16
1881,Upstream of Cornell University Borehole Observatory (CUBO) Site,0.16277777778,9
1882,Upstream of Dam,0.35952500000,40
1883,Upstream of Montour Falls WWTP,0.26890909091,11
1884,Valley GW,0.16300000000,1
1885,Virgil Creek Freeville,0.67761016949,59
1886,Virgil Creek Road,1.02409803922,51
1887,Virgil Creek Road Tributary,0.51500000000,2
1888,Visitor\s Center,0.25317500000,40
1889,Wagener Glen,1.05975000000,8
1890,Waterburg Road,1.19989655172,29
1891,West Branch Deep,0.21265625000,32
1892,West Branch Shallow,0.10446875000,32
1893,West Owego Creek - 1st Bridge,0.30250000000,4
1894,West Owego Creek - Pacific Rd,0.83000000000,2
1895,West thermocline depth,0.10719230769,26
1896,Whiskey Creek at Riff Rd,0.22000000000,1
1897,Whiskey Creek at River Rd,0.16000000000,1
1898,Wiiliamson Creek,2.99137500000,8
1899,Wildflower Preserve,0.17807547170,53
1900,Wilkins Brook @ Cnty Rd 17,0.05000000000,1
1901,Williamson Creek Mouth in Lake,0.75600000000,1
1902,Willow Grove,0.09762500000,32
1903,Willow Grove Mouth,2.28875000000,8
1904,Wilseyville Creek at Gridley Crossing,0.35840000000,5
1905,Wylie Brook @ Rt 7 & 235,0.05000000000,1
1906,Yawger Creek @ Cork & Townline,5.49400000000,15
1907,Yawger Creek Large Ridge,4.22687500000,16
1908,Yawger Creek Mouth,2.81764705882,17
1909,Yawger Creek North Branch,2.54444444444,9
1910,Yawger Creek South Cross Road,1.70000000000,2
1911,Yawger Creek Townline West,1.92736842105,19
1912,Yellow Barn Road,0.11110638298,47
